Product,Size,MAE,RMSE,Baseline_MAE,Holdout_Mean_Sales
ALF Boys Ink Trousers,100,2.5907073488650245,3.097619892905829,2.0,3.0
ALF Boys Ink Trousers,104,4.5752476623921625,6.245073791314937,2.6666666666666665,3.0
ALF Boys Ink Trousers,108,2.74498828221513,3.258966662928001,1.6666666666666667,2.5
ALF Boys Ink Trousers,112,1.5469537283455477,2.401037050771337,1.1666666666666667,1.0
ALF Boys Ink Trousers,116,0.44869467771707067,0.8547929226880104,1.0,1.1666666666666667
ALF Boys Ink Trousers,120,0.4096395096545587,0.5133942866708185,0.5,0.6666666666666666
ALF Boys Ink Trousers,124,0.6446202563996698,0.835898402552907,0.8333333333333334,0.16666666666666666
ALF Boys Ink Trousers,128,0.9949843916783667,1.2141503823133475,0.5,0.8333333333333334
ALF Boys Ink Trousers,152,0.12783531676298365,0.17890271289347984,0.16666666666666666,0.0
ALF Boys Ink Trousers,64,0.530718357924633,0.6187320608695757,0.5,-0.16666666666666666
ALF Boys Ink Trousers,68,2.0037668653199354,2.4009474712384113,2.1666666666666665,0.5
ALF Boys Ink Trousers,72,3.597969753969071,4.41111622590851,2.5,3.3333333333333335
ALF Boys Ink Trousers,76,5.45260583625764,7.644295288761727,2.5,5.333333333333333
ALF Boys Ink Trousers,80,2.7788356895750272,3.2753348462103364,2.3333333333333335,7.0
ALF Boys Ink Trousers,84,5.056966558875373,7.18312724633945,2.5,7.5
ALF Boys Ink Trousers,88,9.695385112039654,12.850193529579014,6.666666666666667,8.666666666666666
ALF Boys Ink Trousers,92,7.591964713262179,9.793279244516327,2.6666666666666665,6.333333333333333
ALF Boys Ink Trousers,96,3.671414102318849,4.979216589190036,1.5,5.833333333333333
ALF Jacket,2XL,1.2052441026361123,1.52754637754427,2.3333333333333335,1.5
ALF Jacket,2XS,0.055818188592349376,0.1355423104446525,0.0,0.0
ALF Jacket,3XL,1.8056083535597616,2.3659146018061703,1.8333333333333333,1.0
ALF Jacket,4XL,0.4989831865702746,0.6978797616630185,0.3333333333333333,1.0
ALF Jacket,5XL,0.6378120440311394,0.7597553741784365,0.6666666666666666,0.8333333333333334
ALF Jacket,7XL,0.0,0.0,0.0,0.0
ALF Jacket,L,3.222294473359724,3.6251441512283553,4.833333333333333,4.0
ALF Jacket,M,5.274444265503291,6.775358381157842,4.5,8.666666666666666
ALF Jacket,S,4.21191444167357,4.522681627268591,4.666666666666667,7.166666666666667
ALF Jacket,XL,2.5817951791843963,3.816431577614902,2.8333333333333335,2.1666666666666665
ALF Jacket,XS,3.404497901780168,6.640463878331774,3.8333333333333335,4.0
ALF Jnr Blouse,10,8.426481785993643,14.527314489650887,3.5,8.5
ALF Jnr Blouse,12,4.882594404463762,5.940920198892942,5.666666666666667,12.333333333333334
ALF Jnr Blouse,14,5.481078362350598,6.255959606093155,8.166666666666666,15.5
ALF Jnr Blouse,16,4.7337653239698785,6.3087185728372805,3.1666666666666665,7.166666666666667
ALF Jnr Blouse,18,1.8984951206388372,2.672885675308054,2.5,4.333333333333333
ALF Jnr Blouse,20,4.907069307401637,7.443881235749709,1.1666666666666667,2.6666666666666665
ALF Jnr Blouse,22,1.0760349476444289,1.9340326721502692,0.6666666666666666,0.5
ALF Jnr Blouse,24,0.7353299252657793,1.2870780025605975,0.5,0.5
ALF Jnr Blouse,26,0.06611002625204197,0.1154076799047077,0.8333333333333334,0.6666666666666666
ALF Jnr Blouse,28,0.9020534760655695,1.2044054507961142,0.6666666666666666,0.16666666666666666
ALF Jnr Blouse,30,0.5282752264883412,0.8740204890159124,0.16666666666666666,0.3333333333333333
ALF Jnr Blouse,6,1.753737031655514,2.9763472520339715,2.5,3.1666666666666665
ALF Jnr Blouse,8,7.472807140409281,10.584922551191678,3.6666666666666665,6.666666666666667
ALF Jnr Shirt,10,1.7932973644804566,1.9213390978269203,1.8333333333333333,2.8333333333333335
ALF Jnr Shirt,12,2.495213784217697,2.937662102686722,3.0,5.166666666666667
ALF Jnr Shirt,14,9.66206105290298,13.764137049238823,5.666666666666667,10.166666666666666
ALF Jnr Shirt,2XL,1.6003208542491247,2.52385535363128,2.8333333333333335,5.0
ALF Jnr Shirt,3XL,2.4971000286654195,4.850696548454739,2.3333333333333335,1.0
ALF Jnr Shirt,4XL,1.3358936861827282,2.110841495797352,1.1666666666666667,2.0
ALF Jnr Shirt,5XL,0.5404160840080041,0.7213633482911178,0.8333333333333334,1.1666666666666667
ALF Jnr Shirt,6XL,0.7549375455782715,1.3115567962589723,0.8333333333333334,0.0
ALF Jnr Shirt,7XL,0.489041216683113,0.691776929993582,0.5,0.5
ALF Jnr Shirt,L,2.5083520309187777,3.2075413411867686,4.166666666666667,8.0
ALF Jnr Shirt,M,2.9633209313784667,3.6821307956174496,5.333333333333333,9.666666666666666
ALF Jnr Shirt,S,6.2355720485647375,7.931366671725098,1.5,8.833333333333334
ALF Jnr Shirt,XL,5.600342922551676,10.571595816751259,5.0,4.333333333333333
ALF Long Skirt,10,8.996258710759518,13.377805381907114,5.5,9.5
ALF Long Skirt,12,5.839184641629088,8.97598313092452,4.833333333333333,7.333333333333333
ALF Long Skirt,14,9.664476840358256,12.534653617145139,3.6666666666666665,7.0
ALF Long Skirt,16,7.999753189523787,12.42096264445495,2.6666666666666665,7.333333333333333
ALF Long Skirt,18,6.888598907781578,10.152442154309055,2.6666666666666665,5.333333333333333
ALF Long Skirt,20,2.9159238017023763,3.4363700493166713,1.6666666666666667,1.8333333333333333
ALF Long Skirt,22,2.0601322834060665,2.632770929682535,1.1666666666666667,1.8333333333333333
ALF Long Skirt,24,1.9440492995444192,2.394460576425642,0.6666666666666666,0.6666666666666666
ALF Long Skirt,26,0.6816672767345388,1.0111963742374517,0.0,0.3333333333333333
ALF Long Skirt,28,0.9976099587769456,1.4374676358149163,0.0,0.5
ALF Long Skirt,4,2.582136917009769,3.4016728281308373,1.0,1.3333333333333333
ALF Long Skirt,6,6.406900833009305,8.07300015346234,1.0,3.0
ALF Long Skirt,8,8.011001147274932,11.874522151011606,5.5,5.666666666666667
ALF Navy Skirt,10,2.133614917461715,3.055430649537351,1.6666666666666667,3.0
ALF Navy Skirt,12,2.291457890160442,3.8391544277249343,2.3333333333333335,2.1666666666666665
ALF Navy Skirt,14,2.4230975599989852,5.159516698415715,1.8333333333333333,1.5
ALF Navy Skirt,16,1.987305241624375,3.2516373198387107,1.3333333333333333,1.0
ALF Navy Skirt,18,1.4924471250124949,2.402756358882996,0.3333333333333333,1.0
ALF Navy Skirt,20,1.0016789964171007,1.4870485858915137,1.0,-0.16666666666666666
ALF Navy Skirt,22,0.7150350411466944,1.2643328967937353,0.3333333333333333,0.16666666666666666
ALF Navy Skirt,24,0.7975101826161782,1.3471298576151907,0.8333333333333334,0.6666666666666666
ALF Navy Skirt,26,0.10995390117589522,0.20027070646268247,0.16666666666666666,0.16666666666666666
ALF Navy Skirt,4,1.5797786509298504,2.3843351980066916,1.3333333333333333,0.5
ALF Navy Skirt,6,4.460718501077153,10.448606945754033,2.6666666666666665,1.6666666666666667
ALF Navy Skirt,8,3.444760233983766,4.796504061246252,2.3333333333333335,3.1666666666666665
ALF Snr Blouse,10,2.5246696520434337,3.493001882457073,3.8333333333333335,6.5
ALF Snr Blouse,12,3.5040289807957525,5.506359120271216,5.0,8.5
ALF Snr Blouse,14,2.3869505463480576,3.814121206280012,1.8333333333333333,5.666666666666667
ALF Snr Blouse,16,3.0247403976145546,4.423516052452894,1.0,4.333333333333333
ALF Snr Blouse,18,3.659205252175165,4.909411653647039,1.3333333333333333,2.8333333333333335
ALF Snr Blouse,20,2.375748863176604,3.750973092673791,1.0,2.5
ALF Snr Blouse,22,3.8596477621338345,5.045580205152227,1.8333333333333333,2.5
ALF Snr Blouse,24,1.3622583930198688,2.0139586350552956,0.8333333333333334,1.0
ALF Snr Blouse,26,0.8652499374001371,1.0971416440438932,1.3333333333333333,1.3333333333333333
ALF Snr Blouse,28,0.7599715937500786,0.9821304085430955,0.3333333333333333,0.5
ALF Snr Blouse,6,3.79130782921769,5.203689161070962,2.0,3.0
ALF Snr Blouse,8,2.802568598021287,3.3938909500950984,2.3333333333333335,5.5
Mags Uniform Jnr Blouse L/S White (MG030),10,2.4301328647816396,3.0779962305535262,0.8333333333333334,2.1666666666666665
Mags Uniform Jnr Blouse L/S White (MG030),12,1.9420990400882978,2.163179600356571,1.3333333333333333,1.0
Mags Uniform Jnr Blouse L/S White (MG030),14,1.3112614587542881,1.5806817210469675,1.0,1.1666666666666667
Mags Uniform Jnr Blouse L/S White (MG030),16,0.5167640614594112,0.6801938899316128,0.5,0.8333333333333334
Mags Uniform Jnr Blouse L/S White (MG030),18,1.049656492361682,1.2699772820122437,1.1666666666666667,0.6666666666666666
Mags Uniform Jnr Blouse L/S White (MG030),20,0.6210122081640496,0.6706186732371714,0.3333333333333333,0.0
Mags Uniform Jnr Blouse L/S White (MG030),6,0.4656350014328802,0.5290752812119359,0.6666666666666666,0.16666666666666666
Mags Uniform Jnr Blouse L/S White (MG030),8,3.561119041013358,4.398480745998312,2.0,1.1666666666666667
Mags Uniform Jnr Blouse SS White/Navy (MG014),10,42.5604010699601,59.24169721352297,8.666666666666666,33.666666666666664
Mags Uniform Jnr Blouse SS White/Navy (MG014),12,34.4791747453803,44.12074495886672,15.666666666666666,25.666666666666668
Mags Uniform Jnr Blouse SS White/Navy (MG014),14,20.99533499953245,29.003727941675898,2.6666666666666665,17.0
Mags Uniform Jnr Blouse SS White/Navy (MG014),16,9.902297870926306,14.354208723050995,2.1666666666666665,9.0
Mags Uniform Jnr Blouse SS White/Navy (MG014),18,6.305229108516122,7.671768648390293,2.8333333333333335,3.5
Mags Uniform Jnr Blouse SS White/Navy (MG014),20,2.3855841860062186,4.3084102951691206,2.1666666666666665,2.3333333333333335
Mags Uniform Jnr Blouse SS White/Navy (MG014),22,3.8273924435062194,5.112966913600818,0.8333333333333334,2.0
Mags Uniform Jnr Blouse SS White/Navy (MG014),24,1.3679244491371378,2.4464936225302862,1.0,1.1666666666666667
Mags Uniform Jnr Blouse SS White/Navy (MG014),26,0.3462608519828943,0.5809788828589633,0.8333333333333334,0.5
Mags Uniform Jnr Blouse SS White/Navy (MG014),30,0.5891818598235029,0.9389465802139905,0.6666666666666666,0.3333333333333333
Mags Uniform Jnr Blouse SS White/Navy (MG014),32,0.4832242718970677,0.8113393431375956,0.5,0.3333333333333333
Mags Uniform Jnr Blouse SS White/Navy (MG014),6,3.845006493089201,7.418187099446332,2.0,6.166666666666667
Mags Uniform Jnr Blouse SS White/Navy (MG014),8,22.03229340709043,29.290147062882536,8.5,16.666666666666668
Mags Uniform Jnr Blouse SS White/Navy (MG014),SPCL,0.34179529157693844,0.4605804522980862,0.3333333333333333,0.0
Mags Uniform Jumper Navy/Sky (MG009),10XL,0.6531771088417496,0.839184748693766,0.16666666666666666,0.0
Mags Uniform Jumper Navy/Sky (MG009),2XL/112,12.256651879658662,15.038016755150233,3.5,9.333333333333334
Mags Uniform Jumper Navy/Sky (MG009),3XL/117,2.667702150061493,3.8412302293966327,1.6666666666666667,4.333333333333333
Mags Uniform Jumper Navy/Sky (MG009),4XL/122,1.8024876162460055,2.0528139248548825,1.8333333333333333,1.5
Mags Uniform Jumper Navy/Sky (MG009),5XL/127,1.7464155339613476,2.108892109028408,2.3333333333333335,1.6666666666666667
Mags Uniform Jumper Navy/Sky (MG009),7XL/137,1.2886438171120238,2.1194744767177074,1.3333333333333333,0.6666666666666666
Mags Uniform Jumper Navy/Sky (MG009),L/102,16.810304150358238,29.225666765706766,13.166666666666666,22.5
Mags Uniform Jumper Navy/Sky (MG009),M/97,29.625271884484203,47.06867654458134,11.5,34.0
Mags Uniform Jumper Navy/Sky (MG009),S/92,16.998969096183398,23.045666084266127,10.666666666666666,15.833333333333334
Mags Uniform Jumper Navy/Sky (MG009),XL/107,17.182210485733762,24.088113289293254,4.666666666666667,19.833333333333332
Mags Uniform Jumper Navy/Sky (MG009),XS/87,4.118753419830862,4.569247119739541,3.0,3.8333333333333335
Mags Uniform Jumper Navy/Sky (MG009),XXS/82,0.2485104035318191,0.300658859539086,0.16666666666666666,0.0
Mags Uniform LS Shirt White (MG017),16,0.6159415277380553,0.7644412044638008,1.1666666666666667,0.16666666666666666
Mags Uniform LS Shirt White (MG017),37,0.20306220210434775,0.252021819640094,0.16666666666666666,0.0
Mags Uniform LS Shirt White (MG017),38,1.3098675384958627,1.5482935933446844,1.3333333333333333,0.5
Mags Uniform LS Shirt White (MG017),40,2.300810213259476,3.0480316742521394,1.0,2.0
Mags Uniform LS Shirt White (MG017),42,1.6970809913746712,1.9445987197567125,1.3333333333333333,1.8333333333333333
Mags Uniform LS Shirt White (MG017),44,0.9613075660676936,1.1365335037299888,0.5,0.6666666666666666
Mags Uniform LS Shirt White (MG017),46,0.29909491513358516,0.4270518398341241,0.3333333333333333,0.16666666666666666
Mags Uniform LS Shirt White (MG017),48,0.1969875091699317,0.2083828244738,0.0,0.0
Mags Uniform Polo Jnr Grey/Navy (MG012),2XL,7.89842330796897,10.878388912322148,2.6666666666666665,5.666666666666667
Mags Uniform Polo Jnr Grey/Navy (MG012),3XL,4.697524039392774,6.34191800622727,1.8333333333333333,2.6666666666666665
Mags Uniform Polo Jnr Grey/Navy (MG012),4XL,3.2071067844486874,4.424018413320641,2.6666666666666665,1.1666666666666667
Mags Uniform Polo Jnr Grey/Navy (MG012),5XL,1.9277704731629661,2.509897948160946,1.3333333333333333,0.8333333333333334
Mags Uniform Polo Jnr Grey/Navy (MG012),7XL,1.4568657246392778,1.8615881703082204,1.1666666666666667,0.6666666666666666
Mags Uniform Polo Jnr Grey/Navy (MG012),L,38.156821013892284,54.72995234781679,7.0,27.0
Mags Uniform Polo Jnr Grey/Navy (MG012),LB,12.225456716924997,18.06661270816081,3.3333333333333335,9.333333333333334
Mags Uniform Polo Jnr Grey/Navy (MG012),M,74.14748060951966,98.30930441979844,8.833333333333334,44.5
Mags Uniform Polo Jnr Grey/Navy (MG012),MB,3.4888392662414573,4.640692316779854,2.5,2.6666666666666665
Mags Uniform Polo Jnr Grey/Navy (MG012),S,42.64971942238478,67.58062809198572,13.5,36.5
Mags Uniform Polo Jnr Grey/Navy (MG012),SB,0.4498860240358797,0.568546216099963,0.3333333333333333,0.0
Mags Uniform Polo Jnr Grey/Navy (MG012),XL,22.086740119094703,26.77827109026661,8.666666666666666,10.0
Mags Uniform Polo Jnr Grey/Navy (MG012),XS,23.375032127984667,32.59321608518042,5.333333333333333,18.166666666666668
Mags Uniform Shorts (MG020),100,3.4426468607469456,4.630813319240297,1.0,2.1666666666666665
Mags Uniform Shorts (MG020),104,2.3352052244844996,3.094716512332656,0.8333333333333334,1.1666666666666667
Mags Uniform Shorts (MG020),108,0.7480829447643306,0.8462439691010132,0.8333333333333334,0.5
Mags Uniform Shorts (MG020),112,2.2715625702153344,2.8743233178006737,1.0,0.6666666666666666
Mags Uniform Shorts (MG020),116,0.2739351672099557,0.47527791277696024,0.3333333333333333,0.0
Mags Uniform Shorts (MG020),120,1.279767572620032,2.0040165367157474,0.16666666666666666,0.8333333333333334
Mags Uniform Shorts (MG020),124,0.43498186880076045,0.7598191231105289,0.5,0.3333333333333333
Mags Uniform Shorts (MG020),128,1.0099824925971235,1.32873591433245,0.6666666666666666,0.16666666666666666
Mags Uniform Shorts (MG020),60,0.7337750859692423,0.9672525796516998,0.0,0.5
Mags Uniform Shorts (MG020),64,4.779825690380273,6.3316477591645,2.0,2.8333333333333335
Mags Uniform Shorts (MG020),68,11.269793741198328,14.827674280776652,5.0,5.833333333333333
Mags Uniform Shorts (MG020),72,21.5699297364951,27.52856038824932,9.0,11.166666666666666
Mags Uniform Shorts (MG020),76,22.115613650718434,30.981499312583626,7.166666666666667,15.166666666666666
Mags Uniform Shorts (MG020),80,19.92366228184539,26.97429452221563,3.3333333333333335,13.0
Mags Uniform Shorts (MG020),84,12.432450702252105,16.409897001867037,3.5,7.333333333333333
Mags Uniform Shorts (MG020),88,11.394281431666558,13.690549845157022,4.166666666666667,4.833333333333333
Mags Uniform Shorts (MG020),92,4.000848450999238,5.249309578230031,2.5,2.6666666666666665
Mags Uniform Shorts (MG020),96,4.338798759994685,5.408360317774101,1.3333333333333333,2.1666666666666665
Mags Uniform Tartan Skirt Tartan (MG018),10,16.155800588914346,18.337965327080624,7.0,8.833333333333334
Mags Uniform Tartan Skirt Tartan (MG018),12,13.459549081536855,20.963468969826906,7.333333333333333,11.833333333333334
Mags Uniform Tartan Skirt Tartan (MG018),14,7.136693845779401,10.39081555989495,3.1666666666666665,7.0
Mags Uniform Tartan Skirt Tartan (MG018),16,5.654846872921638,7.86025331779008,2.1666666666666665,4.166666666666667
Mags Uniform Tartan Skirt Tartan (MG018),18,2.3408390847976377,2.6855362447148856,0.8333333333333334,1.1666666666666667
Mags Uniform Tartan Skirt Tartan (MG018),20,1.2508860355522855,1.8334628573795062,0.3333333333333333,1.0
Mags Uniform Tartan Skirt Tartan (MG018),22,1.0678567391333382,1.582911966610627,1.1666666666666667,0.6666666666666666
Mags Uniform Tartan Skirt Tartan (MG018),24,0.5537188065799875,0.5918484029411379,0.8333333333333334,0.3333333333333333
Mags Uniform Tartan Skirt Tartan (MG018),26,0.29459092991175145,0.46947329010699523,0.3333333333333333,0.16666666666666666
Mags Uniform Tartan Skirt Tartan (MG018),28,0.23977915950668605,0.3496021083414093,0.3333333333333333,0.0
Mags Uniform Tartan Skirt Tartan (MG018),30,0.19497570955065482,0.21024992998976344,0.0,0.0
Mags Uniform Tartan Skirt Tartan (MG018),32,0.14548186092860194,0.17279479741015774,0.0,0.0
Mags Uniform Tartan Skirt Tartan (MG018),6,3.8804138588255266,5.4088075432951515,2.1666666666666665,4.0
Mags Uniform Tartan Skirt Tartan (MG018),8,15.346646928832222,20.356460349534828,5.166666666666667,10.333333333333334
Mags Uniform Tie Navy (MG004),Each,16.648754821235396,18.16282706343351,11.333333333333334,10.5
Mags Uniform Trousers Black (MG022),100,6.596881904820542,9.487520388977371,3.3333333333333335,7.666666666666667
Mags Uniform Trousers Black (MG022),104,5.1066804042674905,6.946079270646832,1.6666666666666667,4.333333333333333
Mags Uniform Trousers Black (MG022),108,3.286819014871554,4.342990394258782,1.3333333333333333,2.1666666666666665
Mags Uniform Trousers Black (MG022),112,2.0112231835028296,2.6221440315138076,0.8333333333333334,1.1666666666666667
Mags Uniform Trousers Black (MG022),116,1.0234936021434404,1.2699185901319228,1.1666666666666667,1.0
Mags Uniform Trousers Black (MG022),120,1.5697460256355624,2.087574912941943,1.3333333333333333,0.8333333333333334
Mags Uniform Trousers Black (MG022),124,1.201536638753042,1.610218480988891,0.5,0.8333333333333334
Mags Uniform Trousers Black (MG022),128,0.16666666666666666,0.408248290463863,0.16666666666666666,0.16666666666666666
Mags Uniform Trousers Black (MG022),60,0.5353761050735992,0.8466286069369857,0.6666666666666666,0.5
Mags Uniform Trousers Black (MG022),64,1.4031658045115496,1.871967056875359,2.0,1.0
Mags Uniform Trousers Black (MG022),68,3.4504607459285936,3.663621831464649,4.166666666666667,4.166666666666667
Mags Uniform Trousers Black (MG022),72,8.662614947357577,12.204682694461397,4.333333333333333,10.666666666666666
Mags Uniform Trousers Black (MG022),76,20.16186359271306,26.166095862285335,9.833333333333334,20.5
Mags Uniform Trousers Black (MG022),80,28.553179234525533,41.68763979918628,9.833333333333334,28.166666666666668
Mags Uniform Trousers Black (MG022),84,26.452651692949885,37.896778222495044,4.5,27.166666666666668
Mags Uniform Trousers Black (MG022),88,21.36022314243076,32.41005308885571,6.5,24.0
Mags Uniform Trousers Black (MG022),92,13.395238134508828,18.649431609053213,4.833333333333333,11.666666666666666
Mags Uniform Trousers Black (MG022),96,9.85005917701236,13.716612956717604,4.0,10.666666666666666
Mags Uniform Y13 Skirt Navy (MG019),10,9.85088318449971,15.235118425577554,2.3333333333333335,9.166666666666666
Mags Uniform Y13 Skirt Navy (MG019),12,8.91231986566441,15.938655926394146,3.0,10.833333333333334
Mags Uniform Y13 Skirt Navy (MG019),14,7.295357939118625,10.417452614573843,0.8333333333333334,5.833333333333333
Mags Uniform Y13 Skirt Navy (MG019),16,5.552604219474115,8.005522378809996,2.0,4.0
Mags Uniform Y13 Skirt Navy (MG019),18,4.388831028213149,6.701476516138533,1.5,4.166666666666667
Mags Uniform Y13 Skirt Navy (MG019),20,2.3927592427885402,2.9702330325842135,0.6666666666666666,1.5
Mags Uniform Y13 Skirt Navy (MG019),22,1.234358297896744,1.76087717547224,0.5,0.8333333333333334
Mags Uniform Y13 Skirt Navy (MG019),24,0.8570602185815698,1.1053849406992102,0.16666666666666666,0.3333333333333333
Mags Uniform Y13 Skirt Navy (MG019),26,0.8010646477561579,1.2636340772781418,0.8333333333333334,0.6666666666666666
Mags Uniform Y13 Skirt Navy (MG019),30,0.3375643124551358,0.4687219377482177,0.0,0.16666666666666666
Mags Uniform Y13 Skirt Navy (MG019),34,0.17089764578846922,0.2302902261490431,0.16666666666666666,0.0
Mags Uniform Y13 Skirt Navy (MG019),6,2.5547142953039486,3.224145743382336,1.3333333333333333,2.1666666666666665
Mags Uniform Y13 Skirt Navy (MG019),8,7.909515977901768,10.8535467590237,3.0,4.833333333333333
Mags Uniform Y13 Skirt Navy (MG019),SPCL,0.34179529157693844,0.4605804522980862,0.3333333333333333,0.0
Mags Uniform Yr13 Blouse SS Blue/Navy (MG015),10,20.03553751819471,23.210357285925543,11.333333333333334,6.333333333333333
Mags Uniform Yr13 Blouse SS Blue/Navy (MG015),12,16.934420367355205,18.78597561751076,12.833333333333334,5.833333333333333
Mags Uniform Yr13 Blouse SS Blue/Navy (MG015),14,9.374147227751926,11.179556468202597,5.166666666666667,4.333333333333333
Mags Uniform Yr13 Blouse SS Blue/Navy (MG015),16,6.798553531209097,8.385268299808752,2.6666666666666665,3.5
Mags Uniform Yr13 Blouse SS Blue/Navy (MG015),18,4.545816951066456,6.308713103468515,1.1666666666666667,2.5
Mags Uniform Yr13 Blouse SS Blue/Navy (MG015),20,1.8259555452463345,2.9457638261188714,1.6666666666666667,0.0
Mags Uniform Yr13 Blouse SS Blue/Navy (MG015),22,1.1475881890685964,1.484632057815881,0.5,0.3333333333333333
Mags Uniform Yr13 Blouse SS Blue/Navy (MG015),24,1.0028055715728699,1.3602421100845905,0.3333333333333333,0.3333333333333333
Mags Uniform Yr13 Blouse SS Blue/Navy (MG015),26,0.19494189315500796,0.3118415439817922,0.16666666666666666,0.0
Mags Uniform Yr13 Blouse SS Blue/Navy (MG015),28,0.19640316314036432,0.23520557624286298,0.0,0.0
Mags Uniform Yr13 Blouse SS Blue/Navy (MG015),30,0.6793596040320743,0.9738261830361379,0.6666666666666666,-0.16666666666666666
Mags Uniform Yr13 Blouse SS Blue/Navy (MG015),6,4.60829365020966,5.91933633444078,2.1666666666666665,1.5
Mags Uniform Yr13 Blouse SS Blue/Navy (MG015),8,10.076785547646505,12.95306326327637,3.6666666666666665,5.666666666666667
Mags Uniform Yr13 Polo White (MG013),2XL,7.421445924626095,9.896319073612482,5.166666666666667,1.5
Mags Uniform Yr13 Polo White (MG013),3XL,3.1367992148711696,4.585749993269534,1.0,2.5
Mags Uniform Yr13 Polo White (MG013),4XL,1.2232171196433492,2.13439622865073,0.5,0.8333333333333334
Mags Uniform Yr13 Polo White (MG013),5XL,0.8431773077613309,1.32244514387771,0.8333333333333334,0.5
Mags Uniform Yr13 Polo White (MG013),6XL,0.6949418931550081,1.2638216442809278,0.3333333333333333,0.5
Mags Uniform Yr13 Polo White (MG013),L,34.52819829056393,46.44591594995355,7.333333333333333,20.833333333333332
Mags Uniform Yr13 Polo White (MG013),M,40.198885307094585,53.13874125365555,5.166666666666667,22.166666666666668
Mags Uniform Yr13 Polo White (MG013),S,17.795920626603262,28.56514257212211,6.0,12.833333333333334
Mags Uniform Yr13 Polo White (MG013),XL,20.64329052590924,25.66999799875278,7.833333333333333,8.333333333333334
Mags Uniform Yr13 Polo White (MG013),XS,3.7014285116754007,5.844723885562275,0.5,2.8333333333333335
WHHS Bucket Hats,L/XL,6.673455066751025,11.05164828855061,3.5,3.0
WHHS Bucket Hats,M/L,4.658643007125408,7.1727660812084135,4.0,1.5
WHHS Caps,0,2.4881325169931725,3.9631427208168,1.6666666666666667,3.0
WHHS Contrast Jacket,12,0.17940020313531424,0.2757971196257229,0.3333333333333333,0.16666666666666666
WHHS Contrast Jacket,14,2.630517258904526,3.946205898608724,1.3333333333333333,2.3333333333333335
WHHS Contrast Jacket,16,6.855166830997486,10.223959207213822,2.5,5.5
WHHS Contrast Jacket,2XL,2.2417653582011727,3.299295164562744,1.3333333333333333,2.3333333333333335
WHHS Contrast Jacket,3XL,0.6424531008780829,1.116572230598814,0.8333333333333334,0.6666666666666666
WHHS Contrast Jacket,4XL,0.9107819034729324,1.693907618329094,1.0,0.5
WHHS Contrast Jacket,5XL,0.2702059024211399,0.44635340926639044,0.0,0.16666666666666666
WHHS Contrast Jacket,6XL,0.8099494893038862,1.084558576281028,0.5,0.6666666666666666
WHHS Contrast Jacket,7XL,0.012463270701505574,0.03052865374486801,0.0,0.0
WHHS Contrast Jacket,L,6.112473819087188,7.6888369156691585,3.8333333333333335,5.666666666666667
WHHS Contrast Jacket,M,6.621922007936026,11.67510543593723,4.5,9.5
WHHS Contrast Jacket,S,10.364316843811997,14.710904990566686,5.5,12.666666666666666
WHHS Contrast Jacket,XL,4.24283134562181,5.204793378864236,3.8333333333333335,2.5
WHHS Height Scarf,ONE SIZE,12.802864930643516,14.931052781845906,4.333333333333333,11.166666666666666
WHHS JNR Boys Shorts,100,2.327369164044836,3.8239352125505004,1.5,0.6666666666666666
WHHS JNR Boys Shorts,104,1.2036571972131178,1.7879684055379046,0.8333333333333334,0.6666666666666666
WHHS JNR Boys Shorts,108,1.6688687770291353,2.9015266700031925,1.3333333333333333,1.0
WHHS JNR Boys Shorts,112,0.721136306562058,1.0614805367093567,0.6666666666666666,0.8333333333333334
WHHS JNR Boys Shorts,116,0.3863233485058659,0.813165149662571,0.3333333333333333,0.3333333333333333
WHHS JNR Boys Shorts,120,0.7696642694735822,1.2122383263235395,0.3333333333333333,0.3333333333333333
WHHS JNR Boys Shorts,124,0.7332581145190913,1.3247141844369774,0.5,0.5
WHHS JNR Boys Shorts,128,0.16666666666666666,0.408248290463863,0.16666666666666666,-0.16666666666666666
WHHS JNR Boys Shorts,64,0.5207015150727196,0.7880857627055446,0.6666666666666666,0.0
WHHS JNR Boys Shorts,68,3.3204579253973385,4.200887185983172,2.0,1.5
WHHS JNR Boys Shorts,72,1.8084366028097267,3.1745499939373913,1.0,2.0
WHHS JNR Boys Shorts,76,2.028525754775557,2.8018148850210265,3.1666666666666665,2.6666666666666665
WHHS JNR Boys Shorts,80,5.837241903950074,7.193044814213163,3.5,4.666666666666667
WHHS JNR Boys Shorts,84,5.099399510837609,8.00403645892367,1.6666666666666667,6.166666666666667
WHHS JNR Boys Shorts,88,1.301443281979149,1.7980991955506958,1.6666666666666667,3.8333333333333335
WHHS JNR Boys Shorts,92,1.5431309607054617,2.7083650238297547,1.1666666666666667,2.0
WHHS JNR Boys Shorts,96,1.1063677545564725,1.6323645672681681,0.8333333333333334,1.6666666666666667
WHHS JNR Boys Trousers,100,0.1967063759316063,0.3844255989840753,0.16666666666666666,0.16666666666666666
WHHS JNR Boys Trousers,104,0.2564694335634547,0.3242602296684973,0.5,0.16666666666666666
WHHS JNR Boys Trousers,108,0.161693149662145,0.39127851333628644,0.0,0.0
WHHS JNR Boys Trousers,112,0.22814399096483476,0.34588312104199725,0.16666666666666666,0.0
WHHS JNR Boys Trousers,116,0.0661770632415076,0.09379271900812218,0.0,0.0
WHHS JNR Boys Trousers,120,0.005132956747438525,0.010053204894781832,0.0,0.0
WHHS JNR Boys Trousers,68,1.0088077424625925,1.3850065143916432,1.3333333333333333,1.5
WHHS JNR Boys Trousers,72,2.5777891312086783,2.7987558530531946,2.1666666666666665,0.3333333333333333
WHHS JNR Boys Trousers,76,2.21016694228719,2.5626522382477885,1.5,2.3333333333333335
WHHS JNR Boys Trousers,80,0.696783470026496,0.8217984550094266,1.5,1.3333333333333333
WHHS JNR Boys Trousers,84,1.4329818520208157,1.8987660339079078,0.5,0.5
WHHS JNR Boys Trousers,88,0.7525096281475419,1.0502468361456923,0.5,0.5
WHHS JNR Boys Trousers,92,0.806408943073356,0.8694562462008146,0.3333333333333333,0.16666666666666666
WHHS JNR Boys Trousers,96,1.1650248562168686,1.405105753702127,0.6666666666666666,0.6666666666666666
WHHS JNR Girls Shorts,102,0.6258599334600796,0.9059694392002534,0.5,0.6666666666666666
WHHS JNR Girls Shorts,107,0.45232788587546846,0.7590470120005272,0.5,0.16666666666666666
WHHS JNR Girls Shorts,112,0.637720779289033,0.8409324410091642,0.6666666666666666,0.16666666666666666
WHHS JNR Girls Shorts,117,0.5432650581844389,0.7222961040808948,0.3333333333333333,0.16666666666666666
WHHS JNR Girls Shorts,122,0.6891708151140191,1.0244229289811173,1.0,0.3333333333333333
WHHS JNR Girls Shorts,127,0.6949418931550081,1.2638216442809278,0.3333333333333333,0.5
WHHS JNR Girls Shorts,56,0.4679243068840398,1.1461757901113836,0.0,0.0
WHHS JNR Girls Shorts,57,0.002325732240661353,0.0038835941548559867,0.0,0.0
WHHS JNR Girls Shorts,62,3.4147454512950635,4.433598653312457,2.0,0.6666666666666666
WHHS JNR Girls Shorts,67,3.271345567088478,4.781366473681469,3.3333333333333335,5.0
WHHS JNR Girls Shorts,72,3.3865250568282836,5.722694876442795,1.5,5.166666666666667
WHHS JNR Girls Shorts,77,2.540504979299749,4.662447211469021,2.8333333333333335,3.0
WHHS JNR Girls Shorts,82,1.9179908326201065,3.1167655680156363,1.5,2.6666666666666665
WHHS JNR Girls Shorts,87,2.6740482567439225,4.705198848727638,1.6666666666666667,0.8333333333333334
WHHS JNR Girls Shorts,92,1.7539243234468842,2.206433504946692,1.1666666666666667,1.0
WHHS JNR Girls Shorts,97,1.144707113224669,2.0184238726883947,1.0,1.8333333333333333
WHHS Jnr Long Skirt,102cm,0.14892533158155796,0.36479107214960993,0.0,0.0
WHHS Jnr Long Skirt,107cm,0.15654949225747616,0.3729975284203601,0.0,0.0
WHHS Jnr Long Skirt,57cm,0.055818188592349376,0.1355423104446525,0.0,0.0
WHHS Jnr Long Skirt,72cm,0.1783491350804783,0.4368643770138831,0.0,0.0
WHHS Jnr Long Skirt,77cm,0.055818188592349376,0.1355423104446525,0.0,0.0
WHHS Jnr Long Skirt,87cm,0.24250853536972286,0.5587138960080533,0.0,0.0
WHHS Jnr Long Skirt,97cm,0.1674545657770481,0.40662693133395755,0.0,0.0
WHHS Jnr Short Skirt,102,0.4712599374792428,0.8504875251363108,0.3333333333333333,0.3333333333333333
WHHS Jnr Short Skirt,107,0.1783491350804783,0.4368643770138831,0.0,0.0
WHHS Jnr Short Skirt,112,0.167417113139787,0.3006245817634526,0.16666666666666666,0.16666666666666666
WHHS Jnr Short Skirt,117,0.19494189315500796,0.3118415439817922,0.16666666666666666,0.0
WHHS Jnr Short Skirt,122,0.19494189315500796,0.3118415439817922,0.16666666666666666,0.0
WHHS Jnr Short Skirt,57,0.7027883434415982,1.5068866456471237,0.16666666666666666,0.16666666666666666
WHHS Jnr Short Skirt,62,3.1097946933812324,4.308137312192113,2.3333333333333335,1.3333333333333333
WHHS Jnr Short Skirt,67,7.778565450546314,10.252937885623844,2.8333333333333335,4.333333333333333
WHHS Jnr Short Skirt,72,6.53846633516016,9.76362541719413,1.3333333333333333,5.166666666666667
WHHS Jnr Short Skirt,77,2.310147898971186,4.066354833595175,2.6666666666666665,4.0
WHHS Jnr Short Skirt,82,2.3083201819205725,3.588651526993873,1.3333333333333333,1.6666666666666667
WHHS Jnr Short Skirt,87,0.32699387662884993,0.4943395315303615,0.5,0.16666666666666666
WHHS Jnr Short Skirt,92,1.4944953645645154,1.9211669845838486,1.1666666666666667,0.5
WHHS Jnr Short Skirt,97,1.0875002961458533,1.9267698562234983,1.1666666666666667,0.16666666666666666
WHHS Jnr Sky Polo,10,7.680359024178823,10.030307943301858,2.3333333333333335,5.5
WHHS Jnr Sky Polo,10XL,0.007134945993579475,0.017476977026584854,0.0,0.0
WHHS Jnr Sky Polo,12,6.411216325182857,10.799898393825409,3.8333333333333335,10.333333333333334
WHHS Jnr Sky Polo,14,5.26272500016879,7.349798444756677,3.5,9.166666666666666
WHHS Jnr Sky Polo,2XL,3.281140313856971,4.105703068626191,3.1666666666666665,2.5
WHHS Jnr Sky Polo,3XL,1.6117318198405537,2.639005422467311,0.8333333333333334,1.3333333333333333
WHHS Jnr Sky Polo,4XL,0.9181179748012694,1.1656152656375278,0.8333333333333334,1.0
WHHS Jnr Sky Polo,5XL,0.6822296153063205,1.6711144449157456,0.5,0.3333333333333333
WHHS Jnr Sky Polo,6XL,0.6446108020695916,1.2632270990846968,0.6666666666666666,0.6666666666666666
WHHS Jnr Sky Polo,7XL,0.3237016804106225,0.7929039458874982,0.0,0.0
WHHS Jnr Sky Polo,8,4.422693047630568,5.6186152857500415,1.8333333333333333,3.3333333333333335
WHHS Jnr Sky Polo,L,3.6733510112905585,4.718034582627815,2.8333333333333335,6.0
WHHS Jnr Sky Polo,M,3.108841130705656,3.196705038550652,6.0,13.833333333333334
WHHS Jnr Sky Polo,S,2.8183062320371666,3.6658992500738465,4.166666666666667,11.333333333333334
WHHS Jnr Sky Polo,XL,2.8193995745413005,5.0633831760765595,3.3333333333333335,3.3333333333333335
WHHS Jnr Sky Polo,XS,3.7600351260824394,4.792264328150917,4.0,8.333333333333334
WHHS PE Shirts,10K,0.9380421384705069,1.3408809171215195,0.6666666666666666,0.16666666666666666
WHHS PE Shirts,12K,1.4932393594881903,2.368753231308938,1.1666666666666667,1.1666666666666667
WHHS PE Shirts,14K,1.5534436065980015,2.066447673943173,1.8333333333333333,4.333333333333333
WHHS PE Shirts,2XL,1.9485162801306324,3.4029881681384504,1.3333333333333333,0.6666666666666666
WHHS PE Shirts,3XL,1.1731851292918527,1.887576341201019,0.5,0.3333333333333333
WHHS PE Shirts,4XL,0.21785328987296068,0.380221434735983,0.16666666666666666,0.16666666666666666
WHHS PE Shirts,5XL,0.011828024672140872,0.02897262511179543,0.16666666666666666,0.3333333333333333
WHHS PE Shirts,6XL,0.25046835809959045,0.4977872483067304,0.16666666666666666,0.16666666666666666
WHHS PE Shirts,8XL,0.16666666666666666,0.408248290463863,0.16666666666666666,-0.16666666666666666
WHHS PE Shirts,L,3.727116178001481,6.077047512407327,4.0,6.0
WHHS PE Shirts,M,3.1068941202329774,4.640197293101351,4.5,9.5
WHHS PE Shirts,S,2.8985642450381612,3.530153487006086,3.0,8.5
WHHS PE Shirts,XL,2.3901630231786313,3.0579601097614337,2.3333333333333335,2.0
WHHS PE Shirts,XS,4.89792087160273,5.727304138762236,3.8333333333333335,8.0
WHHS PE Shorts,10K,0.4173717056653731,0.5819030279037234,0.3333333333333333,0.0
WHHS PE Shorts,12K,1.0293689551027045,2.264218727342277,0.3333333333333333,0.3333333333333333
WHHS PE Shorts,14K,5.203897309825309,7.849742249126577,1.3333333333333333,4.333333333333333
WHHS PE Shorts,2XL,1.1729718277682386,1.532012189779739,1.8333333333333333,1.5
WHHS PE Shorts,3XL,0.5339860358748707,0.7597048282067738,0.8333333333333334,0.6666666666666666
WHHS PE Shorts,4XL,1.0894926244875196,2.2910620636345853,0.16666666666666666,0.3333333333333333
WHHS PE Shorts,5XL,0.02472982940518209,0.06057546346877135,0.3333333333333333,0.5
WHHS PE Shorts,6XL,0.5108126937993229,0.9366352516395123,0.0,0.16666666666666666
WHHS PE Shorts,7XL,0.06759691046154141,0.1655779388193786,0.16666666666666666,0.0
WHHS PE Shorts,8XL,0.055818188592349376,0.1355423104446525,0.0,0.0
WHHS PE Shorts,L,2.736785609497256,4.133092047811425,3.1666666666666665,3.8333333333333335
WHHS PE Shorts,M,3.6528369190326586,4.622966684366913,4.5,10.333333333333334
WHHS PE Shorts,S,5.611456291422445,8.777042898527133,3.3333333333333335,7.666666666666667
WHHS PE Shorts,XL,2.644326005469296,4.078199963402292,3.0,2.1666666666666665
WHHS PE Shorts,XS,5.777172887715378,7.053160597613549,4.333333333333333,8.666666666666666
WHHS Snr Girls Short,102,0.33138392722664095,0.6481260560590244,0.16666666666666666,0.5
WHHS Snr Girls Short,107,0.34458808961774173,0.8389315940231953,0.16666666666666666,0.0
WHHS Snr Girls Short,127,0.2271848029063889,0.5303235855633361,0.0,0.0
WHHS Snr Girls Short,62,0.6426755194714152,1.011605798991342,0.16666666666666666,0.3333333333333333
WHHS Snr Girls Short,67,0.36488139582999296,0.8937732364179763,0.5,1.0
WHHS Snr Girls Short,72,3.379056375653684,5.904363398558904,2.1666666666666665,1.0
WHHS Snr Girls Short,77,0.8300980760502922,2.033316722789241,0.5,0.8333333333333334
WHHS Snr Girls Short,82,1.2150884298258113,2.559760750236286,0.6666666666666666,1.3333333333333333
WHHS Snr Girls Short,87,0.8611366407824018,1.835370517003933,0.8333333333333334,0.16666666666666666
WHHS Snr Girls Short,92,0.7623167875070358,1.0724252305406068,0.8333333333333334,0.5
WHHS Snr Girls Short,97,0.31600744955595034,0.6637884009533632,0.3333333333333333,0.8333333333333334
WHHS Snr L/S Blouse,10,1.325767291308525,1.5334125198732593,1.3333333333333333,2.0
WHHS Snr L/S Blouse,12,1.7810221511742703,3.0113668309530164,1.3333333333333333,2.3333333333333335
WHHS Snr L/S Blouse,14,1.9267958602888413,2.694476212347045,1.1666666666666667,1.6666666666666667
WHHS Snr L/S Blouse,16,0.9294454944208607,1.0500926368280263,0.8333333333333334,1.0
WHHS Snr L/S Blouse,18,0.7027756048715608,0.7935682350072621,1.1666666666666667,0.3333333333333333
WHHS Snr L/S Blouse,20,0.3333333333333333,0.816496580927726,0.3333333333333333,0.3333333333333333
WHHS Snr L/S Blouse,22,0.261205708796522,0.3708525088960846,0.5,0.16666666666666666
WHHS Snr L/S Blouse,24,0.19787003816761675,0.4844397911322987,0.16666666666666666,0.0
WHHS Snr L/S Blouse,26,0.16666666666666666,0.408248290463863,0.16666666666666666,0.16666666666666666
WHHS Snr L/S Blouse,28,0.4013351621356174,0.6724195351918109,0.3333333333333333,0.0
WHHS Snr L/S Blouse,30,0.13636875022060876,0.24936517485957058,0.16666666666666666,0.0
WHHS Snr L/S Blouse,6,1.570034060711313,1.820485812894563,1.3333333333333333,1.0
WHHS Snr L/S Blouse,8,2.2766193857191426,2.8293969473742258,1.6666666666666667,2.3333333333333335
WHHS Snr L/S Shirt,12,0.2239379044405262,0.3878736497081568,0.16666666666666666,0.16666666666666666
WHHS Snr L/S Shirt,14,0.2924498806590711,0.4210428177326958,0.3333333333333333,0.0
WHHS Snr L/S Shirt,16,0.6588418365931112,0.9689057041642595,0.6666666666666666,0.3333333333333333
WHHS Snr L/S Shirt,2XL,0.22406705717545253,0.5436205221912541,0.0,0.16666666666666666
WHHS Snr L/S Shirt,3XL,0.1715607676854154,0.22534432131727147,0.0,0.0
WHHS Snr L/S Shirt,4XL,0.7522461837295968,1.8426193110934375,0.16666666666666666,0.0
WHHS Snr L/S Shirt,5XL,0.1783491350804783,0.4368643770138831,0.0,0.0
WHHS Snr L/S Shirt,L,2.037018370181198,3.308766680106366,0.8333333333333334,1.1666666666666667
WHHS Snr L/S Shirt,M,3.2871745329970814,5.236051713367094,1.3333333333333333,2.1666666666666665
WHHS Snr L/S Shirt,S,1.3038668422332222,1.7553123209752364,0.8333333333333334,1.1666666666666667
WHHS Snr L/S Shirt,XL,1.8296626017573718,2.25480740037489,0.8333333333333334,0.6666666666666666
WHHS Snr Navy Polo,10,1.4892533158155796,3.6479107214960993,0.0,0.0
WHHS Snr Navy Polo,12,0.5957013263262319,1.4591642885984397,0.0,0.0
WHHS Snr Navy Polo,14,1.9906265010169182,4.876019195953309,0.0,0.0
WHHS Snr Navy Polo,2XL,0.7446266579077898,1.8239553607480496,0.0,0.0
WHHS Snr Navy Polo,4XL,0.3566982701609566,0.8737287540277662,0.0,0.0
WHHS Snr Navy Polo,6XL,0.14892533158155796,0.36479107214960993,0.0,0.0
WHHS Snr Navy Polo,8,0.8935519894893478,2.1887464328976596,0.0,0.0
WHHS Snr Navy Polo,L,1.495307885811922,3.6627413285991026,0.0,0.0
WHHS Snr Navy Polo,M,0.8721203500300186,2.1362498518710056,0.0,0.0
WHHS Snr Navy Polo,S,1.1422531309170754,2.7979373278433464,0.0,0.0
WHHS Snr Navy Polo,XL,0.4467759947446739,1.0943732164488298,0.0,0.0
WHHS Snr Navy Polo,XS,1.4412058029098427,3.5302188314672542,0.0,0.0
WHHS Snr S/S Blouse,10,7.485938188317831,12.15908268254829,7.166666666666667,4.0
WHHS Snr S/S Blouse,12,4.588409714119022,6.652150112432136,4.0,9.333333333333334
WHHS Snr S/S Blouse,14,5.331010531758906,7.400271305133123,2.6666666666666665,6.166666666666667
WHHS Snr S/S Blouse,16,2.503849787302556,3.687044409935191,1.8333333333333333,3.3333333333333335
WHHS Snr S/S Blouse,18,2.8817215470379245,5.066481283540231,1.5,2.0
WHHS Snr S/S Blouse,20,1.9336579234181122,2.736947591147102,1.3333333333333333,1.6666666666666667
WHHS Snr S/S Blouse,22,1.384858849996412,1.6566170539038803,0.8333333333333334,1.3333333333333333
WHHS Snr S/S Blouse,24,0.8580022095729006,2.101667611634123,0.6666666666666666,0.5
WHHS Snr S/S Blouse,26,0.6567207605303561,0.781543788280746,0.8333333333333334,0.6666666666666666
WHHS Snr S/S Blouse,28,1.0372291360849766,1.7262226961456195,0.8333333333333334,0.8333333333333334
WHHS Snr S/S Blouse,30,1.22745340963879,2.173159039677366,1.0,0.8333333333333334
WHHS Snr S/S Blouse,32,0.22215274916160954,0.41951512861202306,0.3333333333333333,0.3333333333333333
WHHS Snr S/S Blouse,6,1.6665589458020496,2.3810668000404287,1.6666666666666667,3.8333333333333335
WHHS Snr S/S Blouse,8,2.026299912950994,2.672556546671317,1.3333333333333333,6.5
WHHS Snr Shirt,12,1.6994745004546665,2.359819008747476,0.0,1.1666666666666667
WHHS Snr Shirt,14,1.7954064345513239,2.981173360928754,1.6666666666666667,1.5
WHHS Snr Shirt,16,1.4683653676924642,2.6406748885398166,1.6666666666666667,2.3333333333333335
WHHS Snr Shirt,2XL,1.3216483701576038,3.1408820025135795,1.0,1.5
WHHS Snr Shirt,3XL,0.8647284177839974,1.5145633354434964,0.16666666666666666,0.3333333333333333
WHHS Snr Shirt,4XL,1.1780666529286865,2.106687223976238,1.0,0.0
WHHS Snr Shirt,5XL,0.831039476385821,1.47106919462457,0.16666666666666666,0.0
WHHS Snr Shirt,6XL,0.7211635856079367,0.9253542627473799,0.6666666666666666,0.0
WHHS Snr Shirt,7XL,0.03701415898580352,0.09066580277347153,0.0,0.0
WHHS Snr Shirt,L,5.193930762054602,7.447658789768762,3.0,6.833333333333333
WHHS Snr Shirt,M,6.4806028729747185,13.636651427633005,2.5,7.833333333333333
WHHS Snr Shirt,S,6.542673336478195,12.97917376042393,2.3333333333333335,5.0
WHHS Snr Shirt,XL,6.115966432485518,9.080484798825369,2.5,2.3333333333333335
WHHS Snr Shorts,100,1.5647034896727765,2.3843504774153614,1.1666666666666667,0.8333333333333334
WHHS Snr Shorts,104,2.4134138273532417,3.9190814677045696,0.8333333333333334,2.0
WHHS Snr Shorts,108,0.7654693678397143,1.0599596737346544,0.3333333333333333,0.8333333333333334
WHHS Snr Shorts,112,1.5260582555992421,3.0643651334684696,0.5,0.6666666666666666
WHHS Snr Shorts,116,0.9806365563011429,2.332577038341139,0.3333333333333333,0.3333333333333333
WHHS Snr Shorts,120,0.4504570791813704,0.6601636778672906,0.5,0.0
WHHS Snr Shorts,124,0.2537368231527371,0.4989139898042419,0.16666666666666666,0.0
WHHS Snr Shorts,128,0.11414955941339468,0.27192748857998483,0.16666666666666666,0.0
WHHS Snr Shorts,132,0.289893135934951,0.5617718677300755,0.16666666666666666,0.0
WHHS Snr Shorts,68,0.5366434842332058,1.2586707527309484,0.5,0.0
WHHS Snr Shorts,72,2.6882012021319106,6.584721271159524,0.0,0.3333333333333333
WHHS Snr Shorts,76,3.887635160759095,6.787120034561517,1.6666666666666667,0.5
WHHS Snr Shorts,80,4.43322823304356,7.394258346695006,3.0,3.8333333333333335
WHHS Snr Shorts,84,2.2447855652904694,3.6841612914444135,1.0,4.833333333333333
WHHS Snr Shorts,88,2.3108465817135175,3.8394429208373935,2.3333333333333335,4.333333333333333
WHHS Snr Shorts,92,2.5935489114469132,4.208371897937664,1.6666666666666667,5.166666666666667
WHHS Snr Shorts,96,1.4187574255677753,1.9245424967235447,1.1666666666666667,3.1666666666666665
WHHS Snr Skirt,10,6.139595931154485,8.15997006263758,2.5,4.833333333333333
WHHS Snr Skirt,12,4.1970265716990935,5.255286399416341,1.6666666666666667,3.0
WHHS Snr Skirt,14,5.003009316161903,6.587517696282855,2.0,2.1666666666666665
WHHS Snr Skirt,16,1.729759790983519,1.8579073236328185,1.8333333333333333,1.5
WHHS Snr Skirt,18,1.6681556762002472,2.863356540450213,0.6666666666666666,1.1666666666666667
WHHS Snr Skirt,20,0.5640869963683347,0.6909095734986083,0.16666666666666666,0.5
WHHS Snr Skirt,22,0.7668819759867573,1.5258496557393653,0.16666666666666666,0.3333333333333333
WHHS Snr Skirt,24,0.634649249838125,1.2683779101245096,0.5,0.5
WHHS Snr Skirt,26,0.17089764578846922,0.2302902261490431,0.16666666666666666,0.0
WHHS Snr Skirt,28,0.4386484983056387,0.8562793764336089,0.3333333333333333,0.3333333333333333
WHHS Snr Skirt,34,0.3546558445181723,0.40055798741293674,0.0,0.0
WHHS Snr Skirt,4,0.8867221286985729,1.1937335248552565,0.6666666666666666,1.5
WHHS Snr Skirt,6,2.869193599545278,3.2476381073376386,2.6666666666666665,6.0
WHHS Snr Skirt,8,2.675238183173119,3.834958437217227,2.6666666666666665,4.333333333333333
WHHS Snr Trouser,100,0.6184550763259445,0.926680838664408,0.8333333333333334,0.8333333333333334
WHHS Snr Trouser,104,0.866588405655131,1.4275381614667462,1.5,1.1666666666666667
WHHS Snr Trouser,108,0.3298890390522892,0.7514824056215513,0.3333333333333333,0.3333333333333333
WHHS Snr Trouser,112,0.8354316565880251,1.049599485548024,0.5,-0.16666666666666666
WHHS Snr Trouser,116,0.345590265125951,0.5765339310596368,0.3333333333333333,0.16666666666666666
WHHS Snr Trouser,120,0.07861483986093716,0.15839454536270095,0.5,0.5
WHHS Snr Trouser,68,0.19494189315500796,0.3118415439817922,0.16666666666666666,0.0
WHHS Snr Trouser,72,1.5718069751332473,2.906538936810404,1.6666666666666667,1.3333333333333333
WHHS Snr Trouser,76,0.722760420291904,1.0169284385888455,1.3333333333333333,0.6666666666666666
WHHS Snr Trouser,80,4.582114782782777,5.928460327208536,2.0,2.6666666666666665
WHHS Snr Trouser,84,3.258959501707461,4.192084107909522,2.1666666666666665,4.0
WHHS Snr Trouser,88,3.460502966451967,3.7831162637057605,2.8333333333333335,2.6666666666666665
WHHS Snr Trouser,92,2.0187760174600844,2.8003884098647425,2.5,2.8333333333333335
WHHS Snr Trouser,96,1.4340968412669215,2.117534794604589,2.5,2.5
