Product,Size,Lead Time Sales,Safety Stock,Stock On Hand,Order Quantity
ALF Boys Ink Trousers,100,1.9708487344212962,1.462809311405087,38,0
ALF Boys Ink Trousers,104,0.36809511012389995,2.121865548947651,30,0
ALF Boys Ink Trousers,108,2.4229642185124094,1.5368971425649958,15,0
ALF Boys Ink Trousers,112,0.0,0.6759338837699637,8,0
ALF Boys Ink Trousers,116,0.976860372875432,0.5900851200391288,5,0
ALF Boys Ink Trousers,120,0.6911372451630164,0.8644298581109018,10,0
ALF Boys Ink Trousers,124,0.6410391048467305,0.4532914382109038,9,0
ALF Boys Ink Trousers,128,0.5658979116485535,0.49058907893789927,6,0
ALF Boys Ink Trousers,152,0.07071515973184649,0.32483743492731354,5,0
ALF Boys Ink Trousers,64,0.0,0.07978461337867958,9,0
ALF Boys Ink Trousers,68,0.035530720650503014,1.049868287747804,23,0
ALF Boys Ink Trousers,72,1.1136775847676585,2.52372834418767,39,0
ALF Boys Ink Trousers,76,5.804131938522803,3.6280559799126726,49,0
ALF Boys Ink Trousers,80,5.2258940302262085,2.4757110236710202,85,0
ALF Boys Ink Trousers,84,3.566587199463189,3.184753197319332,84,0
ALF Boys Ink Trousers,88,3.891578282329337,4.377292409114403,97,0
ALF Boys Ink Trousers,92,6.682212788888298,4.045667504771913,92,0
ALF Boys Ink Trousers,96,4.350914799174326,1.9067490720450955,60,0
ALF Jacket,2XL,0.0,0.8936425321438481,31,0
ALF Jacket,2XS,0.0,0.18557642219658205,0,0
ALF Jacket,3XL,0.36737419456656,1.5353687656493868,16,0
ALF Jacket,4XL,0.026958267706629624,0.6075783050941307,14,0
ALF Jacket,5XL,1.1493637631112457,0.954675376946166,13,0
ALF Jacket,7XL,0.09304651906904414,0.1640499063741678,3,0
ALF Jacket,L,0.1716818350695339,3.924780982279371,78,0
ALF Jacket,M,3.18874021308983,2.167601070285751,107,0
ALF Jacket,S,4.06989750365597,3.551372688248826,100,0
ALF Jacket,XL,0.0,0.5053329695935478,36,0
ALF Jacket,XS,1.6564908618433623,3.6751437920383703,51,0
ALF Jnr Blouse,10,3.2105872444756782,5.342828935826359,13,0
ALF Jnr Blouse,12,4.625143450024767,2.2109750295689885,32,0
ALF Jnr Blouse,14,4.830771070693353,4.1702790895110695,26,0
ALF Jnr Blouse,16,0.8184401880410681,2.786670077824137,17,0
ALF Jnr Blouse,18,1.4228421294923694,1.8504540218801415,14,0
ALF Jnr Blouse,20,0.0,2.3695217031010607,7,0
ALF Jnr Blouse,22,0.0,0.348236813323353,10,0
ALF Jnr Blouse,24,0.0,0.6285757157645707,15,0
ALF Jnr Blouse,26,0.14845288076259794,0.5639376373253883,7,0
ALF Jnr Blouse,28,0.07514749264771466,0.38615167866258004,7,0
ALF Jnr Blouse,30,0.24570778380578387,0.3230684128788442,0,1
ALF Jnr Blouse,6,2.2802616873749266,1.290685757226189,3,1
ALF Jnr Blouse,8,3.1658134091129617,3.1887544367225935,37,0
ALF Jnr Shirt,10,0.10963776127731725,1.6953081845667062,18,0
ALF Jnr Shirt,12,0.6872885272127345,1.6511994889167418,24,0
ALF Jnr Shirt,14,3.161075706431874,4.797884010258506,20,0
ALF Jnr Shirt,2XL,0.0,0.6308504372311169,15,0
ALF Jnr Shirt,3XL,0.0,0.39899008193439195,19,0
ALF Jnr Shirt,4XL,0.2509640966078359,1.1471190085248244,1,0
ALF Jnr Shirt,5XL,0.0,1.0608014091791684,6,0
ALF Jnr Shirt,6XL,0.0,0.34174471142291213,7,0
ALF Jnr Shirt,7XL,0.3502451179390857,0.2899828805685013,0,1
ALF Jnr Shirt,L,0.866911659023918,3.270984768433489,45,0
ALF Jnr Shirt,M,0.8357081125765506,4.07525697553143,49,0
ALF Jnr Shirt,S,2.4708856594570827,3.1826423105918775,28,0
ALF Jnr Shirt,XL,0.0,1.9027246635076733,54,0
ALF Long Skirt,10,5.969068215312282,5.723706957468915,16,0
ALF Long Skirt,12,5.507462062471585,3.535396997791358,23,0
ALF Long Skirt,14,3.9868401252842096,4.432825321259244,15,0
ALF Long Skirt,16,5.009939344409172,3.8672735459613206,14,0
ALF Long Skirt,18,2.9339416754755647,4.048431848704259,9,0
ALF Long Skirt,20,1.908868784858725,1.5619045224784012,8,0
ALF Long Skirt,22,0.6914129022863921,1.1085653272141722,8,0
ALF Long Skirt,24,0.13454599999824163,0.947047764829804,5,0
ALF Long Skirt,26,0.04484205428863885,1.0611649473483098,2,0
ALF Long Skirt,28,0.36973190581888704,0.7135302572534308,2,0
ALF Long Skirt,4,2.1658267343234674,1.299034176207892,17,0
ALF Long Skirt,6,1.9962559771571864,3.394140496185878,25,0
ALF Long Skirt,8,4.719793035319462,4.182240450813606,23,0
ALF Navy Skirt,10,0.0,1.8953456984763304,12,0
ALF Navy Skirt,12,0.0,0.376351834619522,21,0
ALF Navy Skirt,14,0.0,0.65514698002014,17,0
ALF Navy Skirt,16,0.0,0.5602849815871265,10,0
ALF Navy Skirt,18,0.0,0.9411416117485987,19,0
ALF Navy Skirt,20,0.0,0.2775484997034884,8,0
ALF Navy Skirt,22,0.0,0.4021445986454863,6,0
ALF Navy Skirt,24,0.17197641542781994,0.6439959581035439,5,0
ALF Navy Skirt,26,0.0,0.3856246151855637,12,0
ALF Navy Skirt,4,0.0,0.5262056779579467,8,0
ALF Navy Skirt,6,0.0,1.8375586123806267,19,0
ALF Navy Skirt,8,0.0,1.443674166706901,10,0
ALF Snr Blouse,10,1.6301908827964928,2.355754144932921,11,0
ALF Snr Blouse,12,2.6823409108257854,2.5013690954229975,16,0
ALF Snr Blouse,14,0.1878835063926978,2.443615539955031,14,0
ALF Snr Blouse,16,1.4702745532031032,1.8166543521586025,19,0
ALF Snr Blouse,18,0.9695295238007533,2.260014199702323,5,0
ALF Snr Blouse,20,1.2501993145351968,1.3628256835566905,6,0
ALF Snr Blouse,22,0.6612021467408695,1.9580553821555629,3,0
ALF Snr Blouse,24,0.40981334546848724,1.112466001349201,4,0
ALF Snr Blouse,26,0.44774147395936503,0.6414052048835122,3,0
ALF Snr Blouse,28,0.4260781697851703,0.337755471507433,2,0
ALF Snr Blouse,6,1.2523469866579888,2.4350581877734525,4,0
ALF Snr Blouse,8,0.9337286294131776,1.5324661653732488,14,0
Mags Uniform Jnr Blouse L/S White (MG030),10,2.1250555454684394,1.3904517496918352,16,0
Mags Uniform Jnr Blouse L/S White (MG030),12,2.4409074123955934,1.1223653630570123,25,0
Mags Uniform Jnr Blouse L/S White (MG030),14,0.9673941958764586,0.7371125598818142,16,0
Mags Uniform Jnr Blouse L/S White (MG030),16,0.5859859126408761,0.41419348979541554,4,0
Mags Uniform Jnr Blouse L/S White (MG030),18,0.3442349254031698,0.5269488143740881,4,0
Mags Uniform Jnr Blouse L/S White (MG030),20,0.0091734191906583,0.3013309545454321,7,0
Mags Uniform Jnr Blouse L/S White (MG030),6,0.7823419852625518,0.30491579040779865,6,0
Mags Uniform Jnr Blouse L/S White (MG030),8,1.6103770111013522,1.7133492753999404,19,0
Mags Uniform Jnr Blouse SS White/Navy (MG014),10,33.07687942203914,27.9277050704548,73,0
Mags Uniform Jnr Blouse SS White/Navy (MG014),12,24.745869254394417,22.07596320505282,97,0
Mags Uniform Jnr Blouse SS White/Navy (MG014),14,16.07679499395072,13.944447200680406,48,0
Mags Uniform Jnr Blouse SS White/Navy (MG014),16,7.564058328097629,5.864324941391399,27,0
Mags Uniform Jnr Blouse SS White/Navy (MG014),18,4.077799846267963,3.4443198655595726,26,0
Mags Uniform Jnr Blouse SS White/Navy (MG014),20,1.4370310174338194,1.496760612492515,8,0
Mags Uniform Jnr Blouse SS White/Navy (MG014),22,1.3808540513467384,2.2106978916486444,17,0
Mags Uniform Jnr Blouse SS White/Navy (MG014),24,0.8275137824254547,0.885201831723015,13,0
Mags Uniform Jnr Blouse SS White/Navy (MG014),26,0.3436260902547189,0.3658561784061194,11,0
Mags Uniform Jnr Blouse SS White/Navy (MG014),30,0.2096024763672876,0.3999373564202464,4,0
Mags Uniform Jnr Blouse SS White/Navy (MG014),32,0.21082806727472989,0.29907616646230034,3,0
Mags Uniform Jnr Blouse SS White/Navy (MG014),6,4.293962992301419,3.453043276117824,6,2
Mags Uniform Jnr Blouse SS White/Navy (MG014),8,17.18518482735441,15.253630876800223,38,0
Mags Uniform Jnr Blouse SS White/Navy (MG014),SPCL,0.0121666115536139,0.2982232433506997,0,0
Mags Uniform Jumper Navy/Sky (MG009),10XL,0.49297741903490266,0.47676205995271226,6,0
Mags Uniform Jumper Navy/Sky (MG009),2XL/112,22.255020796666987,8.7062273671661,51,0
Mags Uniform Jumper Navy/Sky (MG009),3XL/117,11.546115876177806,2.9267361405703403,16,0
Mags Uniform Jumper Navy/Sky (MG009),4XL/122,3.398001186390857,1.743814628152529,19,0
Mags Uniform Jumper Navy/Sky (MG009),5XL/127,1.5892194680365366,1.5320422675739138,4,0
Mags Uniform Jumper Navy/Sky (MG009),7XL/137,1.0224389525942303,1.3519672946199575,0,2
Mags Uniform Jumper Navy/Sky (MG009),L/102,41.39349625591129,18.39948492910235,46,14
Mags Uniform Jumper Navy/Sky (MG009),M/97,58.507184696917285,30.82114812276318,72,17
Mags Uniform Jumper Navy/Sky (MG009),S/92,21.536801787058465,20.82953764820818,29,13
Mags Uniform Jumper Navy/Sky (MG009),XL/107,40.011452606815446,15.72581944702942,72,0
Mags Uniform Jumper Navy/Sky (MG009),XS/87,9.208218309873825,4.384944756833175,20,0
Mags Uniform Jumper Navy/Sky (MG009),XXS/82,0.5887811553267802,0.2938389212345818,31,0
Mags Uniform LS Shirt White (MG017),16,0.10496705644219832,0.6367660193162323,3,0
Mags Uniform LS Shirt White (MG017),37,0.12160556222590653,0.19795779871523925,8,0
Mags Uniform LS Shirt White (MG017),38,0.4259290905443952,0.8527659869741023,9,0
Mags Uniform LS Shirt White (MG017),40,1.4158802873804397,1.2658104778363681,13,0
Mags Uniform LS Shirt White (MG017),42,1.222660782331899,0.8956075061876394,4,0
Mags Uniform LS Shirt White (MG017),44,0.4077201826951596,0.5065404525452963,1,0
Mags Uniform LS Shirt White (MG017),46,0.12995951309354267,0.22761962864253804,6,0
Mags Uniform LS Shirt White (MG017),48,0.09618014796655992,0.10265433201863924,5,0
Mags Uniform Polo Jnr Grey/Navy (MG012),2XL,6.337320811873073,4.478454263249407,74,0
Mags Uniform Polo Jnr Grey/Navy (MG012),3XL,1.8190057766190117,3.02743882390966,27,0
Mags Uniform Polo Jnr Grey/Navy (MG012),4XL,0.7657714785169539,2.0525182206378743,15,0
Mags Uniform Polo Jnr Grey/Navy (MG012),5XL,1.9850133402298367,1.1888992172187725,18,0
Mags Uniform Polo Jnr Grey/Navy (MG012),7XL,0.4662088131654777,0.7778465902992443,9,0
Mags Uniform Polo Jnr Grey/Navy (MG012),L,28.46034939001824,22.58518970016676,316,0
Mags Uniform Polo Jnr Grey/Navy (MG012),LB,8.098868552985905,9.701972373720482,121,0
Mags Uniform Polo Jnr Grey/Navy (MG012),M,39.59593834315748,46.247190716190644,556,0
Mags Uniform Polo Jnr Grey/Navy (MG012),MB,2.745505801774801,2.256575098325332,32,0
Mags Uniform Polo Jnr Grey/Navy (MG012),S,28.98454176378607,27.995166600902802,359,0
Mags Uniform Polo Jnr Grey/Navy (MG012),SB,1.3533962483077728,0.37892367151653117,23,0
Mags Uniform Polo Jnr Grey/Navy (MG012),XL,9.479668931898969,12.908056099159307,136,0
Mags Uniform Polo Jnr Grey/Navy (MG012),XS,16.322991359770782,17.526851113132967,255,0
Mags Uniform Shorts (MG020),100,1.5353799834285007,1.9157424994780616,17,0
Mags Uniform Shorts (MG020),104,0.7970458572734954,1.5761403726647978,18,0
Mags Uniform Shorts (MG020),108,0.3575845661905139,0.6169523386705964,15,0
Mags Uniform Shorts (MG020),112,0.622364697298631,1.3742859440318522,14,0
Mags Uniform Shorts (MG020),116,0.0088671848731566,0.24132787210865375,5,0
Mags Uniform Shorts (MG020),120,0.6186501349124174,0.8653819134191718,5,0
Mags Uniform Shorts (MG020),124,0.24456536605286075,0.2611683800288243,2,0
Mags Uniform Shorts (MG020),128,0.07730385201639967,0.4729690036912214,3,0
Mags Uniform Shorts (MG020),60,0.3848677470607963,0.45156256339515843,17,0
Mags Uniform Shorts (MG020),64,2.2810060192951997,3.2664875018359254,39,0
Mags Uniform Shorts (MG020),68,4.696200100801998,9.20377826170722,107,0
Mags Uniform Shorts (MG020),72,9.141324216514661,14.946862558473796,132,0
Mags Uniform Shorts (MG020),76,13.79506555386908,16.053911332836968,249,0
Mags Uniform Shorts (MG020),80,10.3061235882996,12.213549843985382,182,0
Mags Uniform Shorts (MG020),84,6.464363176308197,8.434826939143589,117,0
Mags Uniform Shorts (MG020),88,5.072324568500957,7.4710587328875,91,0
Mags Uniform Shorts (MG020),92,2.335170305439844,3.2918115134050283,46,0
Mags Uniform Shorts (MG020),96,1.7175339164825583,2.6815283623621005,35,0
Mags Uniform Tartan Skirt Tartan (MG018),10,10.405388514169813,10.209140722431313,75,0
Mags Uniform Tartan Skirt Tartan (MG018),12,10.079306250137774,8.297451650804701,44,0
Mags Uniform Tartan Skirt Tartan (MG018),14,7.667944027975765,5.030354462403707,32,0
Mags Uniform Tartan Skirt Tartan (MG018),16,3.687706630598343,3.2603139908315697,20,0
Mags Uniform Tartan Skirt Tartan (MG018),18,2.1767461062654907,1.2533685714452758,16,0
Mags Uniform Tartan Skirt Tartan (MG018),20,0.7520492436165119,0.7730594324576804,8,0
Mags Uniform Tartan Skirt Tartan (MG018),22,0.4727144956323113,0.5997451060186367,6,0
Mags Uniform Tartan Skirt Tartan (MG018),24,0.17521101555109395,0.4273632131737481,12,0
Mags Uniform Tartan Skirt Tartan (MG018),26,0.10480123818364379,0.20696457376130864,5,0
Mags Uniform Tartan Skirt Tartan (MG018),28,0.0,0.2994948443318957,6,0
Mags Uniform Tartan Skirt Tartan (MG018),30,0.017499046362226357,0.09191198834023376,7,0
Mags Uniform Tartan Skirt Tartan (MG018),32,0.035171086485340314,0.10508255952378756,6,0
Mags Uniform Tartan Skirt Tartan (MG018),6,2.778576080304707,3.2712241895239056,30,0
Mags Uniform Tartan Skirt Tartan (MG018),8,10.583591130263793,10.367045016835199,51,0
Mags Uniform Tie Navy (MG004),Each,21.371148203593606,13.579580458607213,162,0
Mags Uniform Trousers Black (MG022),100,6.299838938628904,3.245933870569027,98,0
Mags Uniform Trousers Black (MG022),104,4.095417896694942,2.475946171442622,61,0
Mags Uniform Trousers Black (MG022),108,1.8153433096242346,1.5632535967373116,41,0
Mags Uniform Trousers Black (MG022),112,1.064722590303777,0.9825495836178864,26,0
Mags Uniform Trousers Black (MG022),116,1.1944272764719217,0.5856203411896824,19,0
Mags Uniform Trousers Black (MG022),120,0.838082775801675,0.9296270110285171,22,0
Mags Uniform Trousers Black (MG022),124,1.188381826525898,0.7536221204507534,18,0
Mags Uniform Trousers Black (MG022),128,0.0835667959223894,0.19456012218699065,4,0
Mags Uniform Trousers Black (MG022),60,0.2978913637323675,0.40140609198819904,3,0
Mags Uniform Trousers Black (MG022),64,0.7715790395715378,0.9293242325239622,15,0
Mags Uniform Trousers Black (MG022),68,4.601823361099236,1.9648604516008326,67,0
Mags Uniform Trousers Black (MG022),72,8.669853923515051,5.816995981858101,162,0
Mags Uniform Trousers Black (MG022),76,17.164489391529628,10.408813425168614,365,0
Mags Uniform Trousers Black (MG022),80,22.957337090936072,14.893541356381684,407,0
Mags Uniform Trousers Black (MG022),84,25.950922969307367,14.743835826892973,429,0
Mags Uniform Trousers Black (MG022),88,24.61357505337217,11.714582858003425,334,0
Mags Uniform Trousers Black (MG022),92,12.5147455905139,7.620539694865766,193,0
Mags Uniform Trousers Black (MG022),96,9.224437268459429,5.890885902578143,163,0
Mags Uniform Y13 Skirt Navy (MG019),10,9.792589319030556,6.43009708347836,39,0
Mags Uniform Y13 Skirt Navy (MG019),12,9.14611507183534,7.069015138755285,30,0
Mags Uniform Y13 Skirt Navy (MG019),14,4.885793974002737,4.408075111894981,25,0
Mags Uniform Y13 Skirt Navy (MG019),16,4.495106348309599,3.3735161408923786,27,0
Mags Uniform Y13 Skirt Navy (MG019),18,3.008837565667702,2.7665776566885714,8,0
Mags Uniform Y13 Skirt Navy (MG019),20,1.7899020427105035,1.0498100143844669,10,0
Mags Uniform Y13 Skirt Navy (MG019),22,0.5642172925628262,0.7690058928460303,6,0
Mags Uniform Y13 Skirt Navy (MG019),24,0.31775261707846203,0.5529443267146541,6,0
Mags Uniform Y13 Skirt Navy (MG019),26,0.41152325877253126,0.4329700420991374,5,0
Mags Uniform Y13 Skirt Navy (MG019),30,0.12408110167715433,0.22775922206544008,4,0
Mags Uniform Y13 Skirt Navy (MG019),34,0.0060833057768069,0.1519115327428241,2,0
Mags Uniform Y13 Skirt Navy (MG019),6,2.244082496410143,1.3796007834707311,21,0
Mags Uniform Y13 Skirt Navy (MG019),8,4.026313618904978,4.200696536360227,31,0
Mags Uniform Y13 Skirt Navy (MG019),SPCL,0.0121666115536139,0.31414984532368356,0,0
Mags Uniform Yr13 Blouse SS Blue/Navy (MG015),10,7.0181249167000415,13.081939827280301,67,0
Mags Uniform Yr13 Blouse SS Blue/Navy (MG015),12,7.989431445125096,12.589837010325232,65,0
Mags Uniform Yr13 Blouse SS Blue/Navy (MG015),14,4.833980835127607,6.384943187424182,32,0
Mags Uniform Yr13 Blouse SS Blue/Navy (MG015),16,3.288409911231858,4.638694505593364,22,0
Mags Uniform Yr13 Blouse SS Blue/Navy (MG015),18,2.290553894337753,2.9021631828615924,23,0
Mags Uniform Yr13 Blouse SS Blue/Navy (MG015),20,0.03327604990513361,1.3016922698759963,18,0
Mags Uniform Yr13 Blouse SS Blue/Navy (MG015),22,0.26112585506953667,0.6704362495325523,14,0
Mags Uniform Yr13 Blouse SS Blue/Navy (MG015),24,0.255432669535201,0.605238950819557,5,0
Mags Uniform Yr13 Blouse SS Blue/Navy (MG015),26,0.002385137759952088,0.14555185232944962,16,0
Mags Uniform Yr13 Blouse SS Blue/Navy (MG015),28,0.10105097703334816,0.2037373863621764,6,0
Mags Uniform Yr13 Blouse SS Blue/Navy (MG015),30,0.0,0.39071314493464915,10,0
Mags Uniform Yr13 Blouse SS Blue/Navy (MG015),6,1.148494542007499,2.8517604802654075,13,0
Mags Uniform Yr13 Blouse SS Blue/Navy (MG015),8,5.0578699078714555,7.3615574171475435,38,0
Mags Uniform Yr13 Polo White (MG013),2XL,1.6428079056693174,5.201413589531314,35,0
Mags Uniform Yr13 Polo White (MG013),3XL,1.8824616221225428,1.9010669144695764,21,0
Mags Uniform Yr13 Polo White (MG013),4XL,0.612966575631942,0.7599909212407316,8,0
Mags Uniform Yr13 Polo White (MG013),5XL,0.2577374771126612,0.6217802333613779,7,0
Mags Uniform Yr13 Polo White (MG013),6XL,0.367218547551067,0.4675444549691096,7,0
Mags Uniform Yr13 Polo White (MG013),L,17.84954756860965,24.21999808678172,317,0
Mags Uniform Yr13 Polo White (MG013),M,21.033767894306088,26.97695760431249,371,0
Mags Uniform Yr13 Polo White (MG013),S,9.548802963729099,11.39719345228084,137,0
Mags Uniform Yr13 Polo White (MG013),XL,7.654178280089842,14.182413934091144,128,0
Mags Uniform Yr13 Polo White (MG013),XS,2.501775253465349,2.6300200117041994,45,0
WHHS Bucket Hats,L/XL,0.0,0.7709755278981254,3,0
WHHS Bucket Hats,M/L,0.0,0.43302333603239324,15,0
WHHS Caps,0,0.0,1.7155964900527712,13,0
WHHS Contrast Jacket,12,0.03539833121818173,0.5031724457203454,0,1
WHHS Contrast Jacket,14,1.3539560776605688,2.3540061068265254,4,0
WHHS Contrast Jacket,16,5.3676084854917,6.05519055224305,0,11
WHHS Contrast Jacket,2XL,2.179615497081778,3.9409864029409527,26,0
WHHS Contrast Jacket,3XL,0.7846585386039752,2.2899446505184637,30,0
WHHS Contrast Jacket,4XL,0.0,1.658256306839244,12,0
WHHS Contrast Jacket,5XL,0.0,0.4644037188648139,14,0
WHHS Contrast Jacket,6XL,0.04228486517640982,0.8628744977532332,5,0
WHHS Contrast Jacket,7XL,0.14846022964439498,0.2123097543722356,2,0
WHHS Contrast Jacket,L,3.4376537229021364,9.453461858208485,56,0
WHHS Contrast Jacket,M,5.539352976097955,12.368410495909202,73,0
WHHS Contrast Jacket,S,9.267145944945234,10.727684454407447,17,3
WHHS Contrast Jacket,XL,1.2369912399994742,6.822302565317569,61,0
WHHS Height Scarf,ONE SIZE,28.631750302850115,9.022310550281793,67,0
WHHS JNR Boys Shorts,100,0.0,0.684989868391112,32,0
WHHS JNR Boys Shorts,104,1.2871637580064017,0.9054077303573483,21,0
WHHS JNR Boys Shorts,108,0.08583909814784066,1.165685946797058,13,0
WHHS JNR Boys Shorts,112,0.11988410564428754,0.5401512177925131,8,0
WHHS JNR Boys Shorts,116,0.0035211902152931574,0.5694208947298004,9,0
WHHS JNR Boys Shorts,120,0.0,0.4438565436226493,11,0
WHHS JNR Boys Shorts,124,0.274683973980149,0.48161675299136775,6,0
WHHS JNR Boys Shorts,128,0.0,0.008175855774776397,5,0
WHHS JNR Boys Shorts,64,0.0,0.97257729535447,12,0
WHHS JNR Boys Shorts,68,0.5261962153727888,2.0598736432403246,18,0
WHHS JNR Boys Shorts,72,0.22526548425014603,1.309261386351093,18,0
WHHS JNR Boys Shorts,76,0.0,1.9209839733326686,31,0
WHHS JNR Boys Shorts,80,1.7659165704102335,2.8114724233177513,59,0
WHHS JNR Boys Shorts,84,2.4123003383097665,3.8281677071534683,64,0
WHHS JNR Boys Shorts,88,0.44182972938701565,2.120971559808284,36,0
WHHS JNR Boys Shorts,92,0.0008221763831985,1.5932439475510618,26,0
WHHS JNR Boys Shorts,96,0.07466172680322458,1.3444492521551303,19,0
WHHS JNR Boys Trousers,100,0.0,0.2179084219080458,3,0
WHHS JNR Boys Trousers,104,0.4367727300509332,0.44365783963709304,5,0
WHHS JNR Boys Trousers,108,0.3246089743284264,0.7473087594877845,13,0
WHHS JNR Boys Trousers,112,0.0,0.22452629467973834,4,0
WHHS JNR Boys Trousers,116,0.031677376779396034,0.14774764313069058,2,0
WHHS JNR Boys Trousers,120,0.2558268094256252,0.20722802859653774,5,0
WHHS JNR Boys Trousers,68,1.5557381247068225,1.0360088962931604,11,0
WHHS JNR Boys Trousers,72,0.45359039334414464,1.2983420475836769,29,0
WHHS JNR Boys Trousers,76,4.879923850565216,1.7332116087204255,29,0
WHHS JNR Boys Trousers,80,1.9290370611348422,1.5170771492676964,30,0
WHHS JNR Boys Trousers,84,1.272251893760382,1.0307673976249976,25,0
WHHS JNR Boys Trousers,88,0.9884025123699693,0.591308557991676,14,0
WHHS JNR Boys Trousers,92,0.20138338909052372,0.6647683360201438,9,0
WHHS JNR Boys Trousers,96,0.46124156126865284,0.8805906028647684,16,0
WHHS JNR Girls Shorts,102,0.0,0.906641466020238,11,0
WHHS JNR Girls Shorts,107,0.0,0.1291641286986826,5,0
WHHS JNR Girls Shorts,112,0.044236697401522376,0.3411853236926805,6,0
WHHS JNR Girls Shorts,117,0.0155824498871762,0.3630415587257873,6,0
WHHS JNR Girls Shorts,122,0.20473325438750392,0.6041550448702708,7,0
WHHS JNR Girls Shorts,127,0.367218547551067,0.4443883118284617,6,0
WHHS JNR Girls Shorts,56,0.0,0.19483262821152886,11,0
WHHS JNR Girls Shorts,57,0.038240020493865066,0.18032202910803843,0,0
WHHS JNR Girls Shorts,62,0.057846325074549405,2.157452187575401,10,0
WHHS JNR Girls Shorts,67,0.9516535545286268,3.971983828802226,9,0
WHHS JNR Girls Shorts,72,0.0043266737053735,3.362969288296171,16,0
WHHS JNR Girls Shorts,77,0.0,1.4865448984472664,10,0
WHHS JNR Girls Shorts,82,0.1903434256011895,1.686005086768746,1,1
WHHS JNR Girls Shorts,87,0.0,1.177438215030263,4,0
WHHS JNR Girls Shorts,92,0.1835965722713468,0.7448885951861931,4,0
WHHS JNR Girls Shorts,97,1.9316184459324959,1.1850542811806035,6,0
WHHS Jnr Long Skirt,102cm,0.0,0.09451756120978945,0,0
WHHS Jnr Long Skirt,107cm,0.0,0.1266342481606158,0,0
WHHS Jnr Long Skirt,57cm,0.0,0.15328090712545778,0,0
WHHS Jnr Long Skirt,72cm,0.0,0.11486193020071456,0,0
WHHS Jnr Long Skirt,77cm,0.0,0.16368271294030975,0,0
WHHS Jnr Long Skirt,87cm,0.0005993654478059,0.2875907918035073,0,0
WHHS Jnr Long Skirt,97cm,0.0,0.4512807021086352,0,0
WHHS Jnr Short Skirt,102,0.12197510281728,0.565631103297288,23,0
WHHS Jnr Short Skirt,107,0.0,0.11782309459353627,17,0
WHHS Jnr Short Skirt,112,0.0,0.15244131547684442,14,0
WHHS Jnr Short Skirt,117,0.002385137759952088,0.14991425445641396,9,0
WHHS Jnr Short Skirt,122,0.002385137759952088,0.1451687227730391,3,0
WHHS Jnr Short Skirt,57,0.04022764265366628,0.8028711428566523,16,0
WHHS Jnr Short Skirt,62,0.0,1.9947357790639906,11,0
WHHS Jnr Short Skirt,67,2.1032790433906414,3.8673678315164666,24,0
WHHS Jnr Short Skirt,72,3.0492858667389164,3.180984105095842,15,0
WHHS Jnr Short Skirt,77,2.4243292733701027,1.7922184108273198,15,0
WHHS Jnr Short Skirt,82,0.6742798099200377,1.2628779741348102,7,0
WHHS Jnr Short Skirt,87,0.0,0.3319352636949687,17,0
WHHS Jnr Short Skirt,92,0.4716405126286644,1.0199825973031846,11,0
WHHS Jnr Short Skirt,97,1.487319775983616,0.7795980373527739,5,0
WHHS Jnr Sky Polo,10,3.858951161822909,3.7698732282511225,15,0
WHHS Jnr Sky Polo,10XL,0.0,0.12778670488396637,0,0
WHHS Jnr Sky Polo,12,5.11755771820192,4.646949848775551,16,0
WHHS Jnr Sky Polo,14,0.5497271683853313,3.813858931123303,20,0
WHHS Jnr Sky Polo,2XL,1.1423839937868288,2.3691023598723944,31,0
WHHS Jnr Sky Polo,3XL,0.7542304164088278,1.376570100138549,8,0
WHHS Jnr Sky Polo,4XL,0.0495572597490727,0.6347475958372916,6,0
WHHS Jnr Sky Polo,5XL,0.0,0.8810182273412532,2,0
WHHS Jnr Sky Polo,6XL,0.24581972877858577,0.8194613571267358,1,0
WHHS Jnr Sky Polo,7XL,0.034628291616359094,0.4080247525148891,3,0
WHHS Jnr Sky Polo,8,1.2013768845603379,2.326262406374078,8,0
WHHS Jnr Sky Polo,L,0.03921296237734645,1.3277751312843815,14,0
WHHS Jnr Sky Polo,M,4.3456686385627,2.8620835492627976,28,0
WHHS Jnr Sky Polo,S,2.896597039006638,5.6479193755515595,22,0
WHHS Jnr Sky Polo,XL,0.0,1.715138710354927,31,0
WHHS Jnr Sky Polo,XS,0.017199477667217834,1.8192938082430619,9,0
WHHS PE Shirts,10K,0.03208437918151659,0.7582759113352673,26,0
WHHS PE Shirts,12K,0.31052816509617676,1.1063391123541244,8,0
WHHS PE Shirts,14K,0.6895294923254828,1.0002691164679065,14,0
WHHS PE Shirts,2XL,0.0,0.3645968747394124,12,0
WHHS PE Shirts,3XL,0.0,0.4289729776409856,5,0
WHHS PE Shirts,4XL,0.006058723858388011,0.2556428348883778,4,0
WHHS PE Shirts,5XL,0.07122425001627278,0.13160756072547808,2,0
WHHS PE Shirts,6XL,0.0,0.126978003693339,4,0
WHHS PE Shirts,8XL,0.0,0.012286751216248655,0,0
WHHS PE Shirts,L,0.0,2.1161933067245875,26,0
WHHS PE Shirts,M,1.8932812500747167,4.227924258784614,23,0
WHHS PE Shirts,S,0.05390888803182526,2.173233272354918,22,0
WHHS PE Shirts,XL,0.0,0.6170684431278012,22,0
WHHS PE Shirts,XS,2.5212424316157223,4.707828610018388,30,0
WHHS PE Shorts,10K,0.03653053200036354,0.3185111053295623,14,0
WHHS PE Shorts,12K,0.03319361092847294,0.40240902009419816,20,0
WHHS PE Shorts,14K,1.3967662188110046,2.4946398698060475,13,0
WHHS PE Shorts,2XL,0.0,0.9427835269271625,14,0
WHHS PE Shorts,3XL,0.0,0.2955941927630365,4,0
WHHS PE Shorts,4XL,0.0,0.5778705933756108,9,0
WHHS PE Shorts,5XL,0.11618935605749768,0.38829671639847707,5,0
WHHS PE Shorts,6XL,0.0,0.4267533791167168,3,0
WHHS PE Shorts,7XL,0.0,0.14147340800473357,0,0
WHHS PE Shorts,8XL,0.0,0.1532323424497284,1,0
WHHS PE Shorts,L,0.0,0.9998372241693323,17,0
WHHS PE Shorts,M,2.75983651088568,3.864926382746382,27,0
WHHS PE Shorts,S,0.08657554250704798,3.600267379446568,30,0
WHHS PE Shorts,XL,0.0,1.3241914233182777,19,0
WHHS PE Shorts,XS,1.7813980091467303,3.6920669196901947,29,0
WHHS Snr Girls Short,102,0.0,0.37780383888128144,10,0
WHHS Snr Girls Short,107,0.0,0.354791351674818,4,0
WHHS Snr Girls Short,127,0.4980961740872498,0.21220163348645563,1,0
WHHS Snr Girls Short,62,0.08724561466349103,0.3177333047161971,7,0
WHHS Snr Girls Short,67,0.0,1.2184740335830884,15,0
WHHS Snr Girls Short,72,0.0,0.5178879913445077,15,0
WHHS Snr Girls Short,77,0.0,1.4010510004242298,14,0
WHHS Snr Girls Short,82,0.0,1.059689328992692,22,0
WHHS Snr Girls Short,87,0.0,0.6708552927940294,28,0
WHHS Snr Girls Short,92,0.08468973226280252,0.49875604849470034,13,0
WHHS Snr Girls Short,97,0.0,0.4593823673035369,5,0
WHHS Snr L/S Blouse,10,2.2336888832610082,0.9644603792478039,14,0
WHHS Snr L/S Blouse,12,1.7732815540407407,1.928998428395779,10,0
WHHS Snr L/S Blouse,14,0.7012474170938038,0.9971357955061699,6,0
WHHS Snr L/S Blouse,16,1.9508506265144512,0.8397104207635951,7,0
WHHS Snr L/S Blouse,18,0.9871576596727952,0.5149558232357415,9,0
WHHS Snr L/S Blouse,20,0.24365986444228135,0.2803381687520041,9,0
WHHS Snr L/S Blouse,22,0.00687687972334508,0.6344131354202897,6,0
WHHS Snr L/S Blouse,24,0.1058472297642454,0.35180980144894436,3,0
WHHS Snr L/S Blouse,26,0.12182993222114062,0.1348065874569375,3,0
WHHS Snr L/S Blouse,28,0.1760547921752098,0.4993757194513251,7,0
WHHS Snr L/S Blouse,30,7.588127589758341e-05,0.13661422443583493,2,0
WHHS Snr L/S Blouse,6,0.7942904001917992,1.3449775070210668,11,0
WHHS Snr L/S Blouse,8,2.381047164929809,1.9880423839455297,15,0
WHHS Snr L/S Shirt,12,0.0010819171860744,0.4245207697490453,12,0
WHHS Snr L/S Shirt,14,0.0,0.2827611983866418,10,0
WHHS Snr L/S Shirt,16,0.011299740852488603,0.4273433586970094,16,0
WHHS Snr L/S Shirt,2XL,0.0,0.592704285730914,32,0
WHHS Snr L/S Shirt,3XL,0.0,0.20249638012599508,24,0
WHHS Snr L/S Shirt,4XL,0.0,0.40463718394487436,18,0
WHHS Snr L/S Shirt,5XL,0.0,0.09534698784962856,10,0
WHHS Snr L/S Shirt,L,0.9766608746082994,1.9523402556655123,19,0
WHHS Snr L/S Shirt,M,0.3715136568738062,2.1697036929537705,16,0
WHHS Snr L/S Shirt,S,0.30977442087337087,0.7894692825681602,15,0
WHHS Snr L/S Shirt,XL,0.2851721735230362,0.848909533207843,33,0
WHHS Snr Navy Polo,10,0.0,1.0001754534405085,0,1
WHHS Snr Navy Polo,12,0.0,0.422899967983668,0,0
WHHS Snr Navy Polo,14,0.0,1.4505888962530396,0,1
WHHS Snr Navy Polo,2XL,0.0,0.4603593383183937,0,0
WHHS Snr Navy Polo,4XL,0.0,0.21612465205978507,0,0
WHHS Snr Navy Polo,6XL,0.0,0.10198305196520269,0,0
WHHS Snr Navy Polo,8,0.0,0.6137032833301268,0,1
WHHS Snr Navy Polo,L,0.0,0.9772849089750943,0,1
WHHS Snr Navy Polo,M,0.0,0.547000334827631,0,1
WHHS Snr Navy Polo,S,0.0,0.783304645238872,0,1
WHHS Snr Navy Polo,XL,0.0,0.3329092796321672,0,0
WHHS Snr Navy Polo,XS,0.0,0.9467408967643829,0,1
WHHS Snr S/S Blouse,10,0.0,1.2996636138586957,59,0
WHHS Snr S/S Blouse,12,0.0,2.646695682354902,11,0
WHHS Snr S/S Blouse,14,0.5446302020862057,3.698905184316984,29,0
WHHS Snr S/S Blouse,16,0.018650741205908032,2.1500878820105447,11,0
WHHS Snr S/S Blouse,18,0.542972640316545,1.8041878166509662,12,0
WHHS Snr S/S Blouse,20,0.4183854898635272,1.3867450616912769,6,0
WHHS Snr S/S Blouse,22,0.46889362384955957,1.0936681689199053,11,0
WHHS Snr S/S Blouse,24,0.0,0.3651765550944508,8,0
WHHS Snr S/S Blouse,26,0.1970613242424519,0.3780084967350341,3,0
WHHS Snr S/S Blouse,28,0.2944248267217015,0.8092476289436107,3,0
WHHS Snr S/S Blouse,30,0.45828506194674645,0.7606147816361408,3,0
WHHS Snr S/S Blouse,32,0.08027493873505748,0.4167562069653967,2,0
WHHS Snr S/S Blouse,6,0.0771511142321899,1.5710371787497328,10,0
WHHS Snr S/S Blouse,8,0.4663366636922198,2.653278541869705,7,0
WHHS Snr Shirt,12,0.5934747146234824,1.0641311595360319,8,0
WHHS Snr Shirt,14,0.07845621275325436,1.5055960524384124,4,0
WHHS Snr Shirt,16,0.05680443781138963,1.3131333697554404,20,0
WHHS Snr Shirt,2XL,0.0,0.7837413321819147,52,0
WHHS Snr Shirt,3XL,0.0,0.06788667255619357,57,0
WHHS Snr Shirt,4XL,0.0,0.0,27,0
WHHS Snr Shirt,5XL,0.724312942246911,0.6425067613772443,8,0
WHHS Snr Shirt,6XL,0.07693829527764806,0.4960986095599267,13,0
WHHS Snr Shirt,7XL,0.0,0.11852740063569307,9,0
WHHS Snr Shirt,L,0.8489855432251733,2.8406521325522247,18,0
WHHS Snr Shirt,M,0.0,2.4555629510473804,22,0
WHHS Snr Shirt,S,0.0,1.0975496971266618,29,0
WHHS Snr Shirt,XL,0.0,1.6953722662964967,21,0
WHHS Snr Shorts,100,0.0,0.6533078989172595,15,0
WHHS Snr Shorts,104,0.0,1.5120872992099432,16,0
WHHS Snr Shorts,108,0.0,0.762048997616499,10,0
WHHS Snr Shorts,112,0.0,0.6963080452893081,10,0
WHHS Snr Shorts,116,0.0,0.7186878933689158,9,0
WHHS Snr Shorts,120,0.0,0.2828270832321768,9,0
WHHS Snr Shorts,124,0.0,0.3612928060159165,9,0
WHHS Snr Shorts,128,0.0,0.13675885985805472,2,0
WHHS Snr Shorts,132,0.0,0.2555912574484671,1,0
WHHS Snr Shorts,68,0.0,0.4376056726198998,4,0
WHHS Snr Shorts,72,0.0,0.981537029123698,20,0
WHHS Snr Shorts,76,0.0,0.06073761111617703,22,0
WHHS Snr Shorts,80,0.0,2.344719893059516,35,0
WHHS Snr Shorts,84,0.0138005191814671,0.5898493223896233,44,0
WHHS Snr Shorts,88,0.7967050725131893,1.7951874985236123,43,0
WHHS Snr Shorts,92,0.9365029915277263,1.4138137056344313,46,0
WHHS Snr Shorts,96,0.4549433960505591,0.9172385207263472,29,0
WHHS Snr Skirt,10,2.7074656643619277,2.7150175039996878,19,0
WHHS Snr Skirt,12,1.609030481466957,1.9215761948176144,16,0
WHHS Snr Skirt,14,1.4801545375757266,2.8602930434605662,20,0
WHHS Snr Skirt,16,0.9976080496593409,1.2129781418234034,11,0
WHHS Snr Skirt,18,0.6173168057070715,1.2367046200025664,5,0
WHHS Snr Skirt,20,0.06354885958262496,0.7317663592257752,9,0
WHHS Snr Skirt,22,0.0,0.5574144219521895,11,0
WHHS Snr Skirt,24,0.3439952976987736,0.5097381869578788,7,0
WHHS Snr Skirt,26,0.0060833057768069,0.15496216346160419,4,0
WHHS Snr Skirt,28,0.013292086066879734,0.6618590908467724,5,0
WHHS Snr Skirt,34,0.0,0.2916318879903879,2,0
WHHS Snr Skirt,4,0.23774517401239004,1.1713103171696069,5,0
WHHS Snr Skirt,6,2.497071428843522,1.8192086741432372,13,0
WHHS Snr Skirt,8,0.04170673516363585,2.617489401774579,20,0
WHHS Snr Trouser,100,0.02170646251657391,0.6125876274531689,11,0
WHHS Snr Trouser,104,0.9097538698133384,0.800010530001916,10,0
WHHS Snr Trouser,108,0.1544576960070466,1.0611692970235584,10,0
WHHS Snr Trouser,112,0.3095864828261607,0.5152712743646585,6,0
WHHS Snr Trouser,116,0.0,0.15763764673073466,4,0
WHHS Snr Trouser,120,0.1293108504192101,0.37551867115528187,3,0
WHHS Snr Trouser,68,0.002385137759952088,0.13738370604345215,0,0
WHHS Snr Trouser,72,0.8234337131094797,1.5854914029440947,19,0
WHHS Snr Trouser,76,1.4240219734256647,1.2931945680543226,25,0
WHHS Snr Trouser,80,1.4704306006881556,3.0350514363679246,36,0
WHHS Snr Trouser,84,1.1987776801183232,1.9760166048061054,45,0
WHHS Snr Trouser,88,2.982329954908663,2.1842717564988794,50,0
WHHS Snr Trouser,92,1.409111581061698,1.412457364764454,45,0
WHHS Snr Trouser,96,2.7324439320475724,1.1988925854757013,28,0
